{"text": "", "actors_NAME": ["r_shoulder_x", "r_arm_z", "r_forearm_z", "r_shoulder_y", "r_elbow_y"], "emotion_time": [], "emotion_name": "", "position": {"1": {"Right_hand": [200, 253, 295, 244, 200, 197, 100, 276, 253], "Left_hand": [200, 200, 100, 100, 200, 100, 100, 100, 100], "Robot": [2.354062500000004, 26.8671875, 10.639375000000005, 5.062499999999999, 51.4271875]}, "0": {"Right_hand": [200, 253, 295, 244, 200, 100, 185, 276, 253], "Left_hand": [200, 200, 100, 100, 200, 100, 100, 100, 100], "Robot": [2.3400000000000034, 26.95, 10.730000000000004, 5.75, 51.61]}, "3": {"Right_hand": [200, 253, 295, 244, 200, 218, 100, 276, 253], "Left_hand": [200, 200, 100, 100, 200, 100, 100, 100, 100], "Robot": [2.4159375000000063, 26.5028125, 10.240625000000005, 2.037499999999995, 50.622812499999995]}, "2": {"Right_hand": [200, 253, 295, 244, 200, 100, 188, 276, 253], "Left_hand": [200, 200, 100, 100, 200, 100, 100, 100, 100], "Robot": [2.385000000000005, 26.685000000000002, 10.440000000000005, 3.549999999999997, 51.025]}, "4": {"Right_hand": [200, 253, 295, 244, 200, 100, 200, 276, 253], "Left_hand": [200, 200, 100, 100, 200, 100, 100, 100, 100], "Robot": [2.430000000000007, 26.42, 10.150000000000006, 1.3499999999999943, 50.44]}}, "freq": 5.0, "frame_number": 5, "speak": ""}