{"text": "", "actors_NAME": ["r_shoulder_x", "r_arm_z", "r_forearm_z", "r_shoulder_y", "r_elbow_y"], "emotion_time": [], "emotion_name": "", "position": {"24": {"Right_hand": [206, 171, 165, 238, 199, 135, 153, 147, 162], "Left_hand": [200, 200, 100, 100, 200, 100, 100, 100, 100], "Robot": [-1.321851851851855, 24.085185185185185, -130.92925925925925, -59.76444444444444, 51.906666666666666]}, "25": {"Right_hand": [206, 171, 165, 238, 199, 135, 153, 147, 162], "Left_hand": [200, 200, 100, 100, 200, 100, 100, 100, 100], "Robot": [-1.363507801783268, 24.53434499314129, -130.84413623113855, -58.43652520576131, 52.19354938271604]}, "26": {"Right_hand": [206, 171, 165, 238, 199, 135, 153, 147, 162], "Left_hand": [200, 200, 100, 100, 200, 100, 100, 100, 100], "Robot": [-1.4030932784636523, 24.961179698216736, -130.76324417009602, -57.174609053497946, 52.46617283950617]}, "27": {"Right_hand": [206, 171, 165, 238, 199, 135, 153, 147, 162], "Left_hand": [200, 200, 100, 100, 200, 100, 100, 100, 100], "Robot": [-1.4403125000000037, 25.3625, -130.6871875, -55.988125, 52.7225]}, "20": {"Right_hand": [206, 171, 165, 238, 199, 135, 153, 147, 162], "Left_hand": [200, 200, 100, 100, 200, 100, 100, 100, 100], "Robot": [-1.1404389574759968, 22.12908093278464, -131.29997256515776, -65.5475720164609, 50.657283950617284]}, "21": {"Right_hand": [206, 171, 165, 238, 199, 135, 153, 147, 162], "Left_hand": [200, 200, 100, 100, 200, 100, 100, 100, 100], "Robot": [-1.187418981481484, 22.63564814814815, -131.2039699074074, -64.04993055555555, 50.98083333333333]}, "22": {"Right_hand": [206, 171, 165, 238, 199, 135, 153, 147, 162], "Left_hand": [200, 200, 100, 100, 200, 100, 100, 100, 100], "Robot": [-1.233511659807959, 23.13264746227709, -131.109780521262, -62.58057613168724, 51.29827160493827]}, "23": {"Right_hand": [206, 171, 165, 238, 199, 135, 153, 147, 162], "Left_hand": [200, 200, 100, 100, 200, 100, 100, 100, 100], "Robot": [-1.278421210562417, 23.616889574759945, -131.01800883058985, -61.14893775720165, 51.607561728395055]}, "28": {"Right_hand": [206, 171, 165, 238, 199, 135, 153, 147, 162], "Left_hand": [200, 200, 100, 100, 200, 100, 100, 100, 100], "Robot": [-1.4748696844993179, 25.73511659807956, -130.6165706447188, -54.88650205761317, 52.96049382716049]}, "29": {"Right_hand": [206, 171, 165, 238, 199, 135, 153, 147, 162], "Left_hand": [200, 200, 100, 100, 200, 100, 100, 100, 100], "Robot": [-1.506469050068591, 26.0758401920439, -130.55199802812072, -53.879169238683126, 53.17811728395061]}, "1": {"Right_hand": [206, 244, 165, 238, 199, 138, 153, 141, 162], "Left_hand": [200, 200, 100, 100, 200, 100, 100, 100, 100], "Robot": [-0.4726127400548686, 14.928172153635117, -132.66466092249658, -86.83671039094651, 46.0579938271605]}, "0": {"Right_hand": [206, 244, 165, 238, 199, 138, 153, 141, 162], "Left_hand": [200, 200, 100, 100, 200, 100, 100, 100, 100], "Robot": [-0.46999999999999886, 14.9, -132.67000000000002, -86.92, 46.040000000000006]}, "3": {"Right_hand": [206, 244, 165, 238, 199, 138, 153, 141, 162], "Left_hand": [200, 200, 100, 100, 200, 100, 100, 100, 100], "Robot": [-0.4926273148148138, 15.143981481481482, -132.62376157407408, -86.19868055555555, 46.19583333333334]}, "2": {"Right_hand": [206, 244, 165, 238, 199, 138, 153, 141, 162], "Left_hand": [200, 200, 100, 100, 200, 100, 100, 100, 100], "Robot": [-0.48025377229080823, 15.010562414266118, -132.64904663923184, -86.59312757201646, 46.110617283950624]}, "5": {"Right_hand": [206, 244, 165, 238, 199, 138, 153, 141, 162], "Left_hand": [200, 200, 100, 100, 200, 100, 100, 100, 100], "Robot": [-0.530388803155006, 15.551148834019205, -132.54659679355282, -84.99490997942387, 46.4558950617284]}, "4": {"Right_hand": [206, 244, 165, 238, 199, 138, 153, 141, 162], "Left_hand": [200, 200, 100, 100, 200, 100, 100, 100, 100], "Robot": [-0.5094375857338811, 15.325240054869685, -132.58941015089164, -85.66279835390947, 46.311604938271614]}, "7": {"Right_hand": [206, 244, 165, 238, 199, 138, 153, 141, 162], "Left_hand": [200, 200, 100, 100, 200, 100, 100, 100, 100], "Robot": [-0.5835309499314123, 16.124159807956104, -132.4380019718793, -83.30083076131687, 46.82188271604939]}, "6": {"Right_hand": [206, 244, 165, 238, 199, 138, 153, 141, 162], "Left_hand": [200, 200, 100, 100, 200, 100, 100, 100, 100], "Robot": [-0.5551851851851844, 15.81851851851852, -132.49592592592595, -84.20444444444445, 46.62666666666667]}, "9": {"Right_hand": [206, 244, 165, 238, 199, 138, 153, 141, 162], "Left_hand": [200, 200, 100, 100, 200, 100, 100, 100, 100], "Robot": [-0.6496874999999998, 16.8375, -132.30281250000002, -81.191875, 47.2775]}, "8": {"Right_hand": [206, 244, 165, 238, 199, 138, 153, 141, 162], "Left_hand": [200, 200, 100, 100, 200, 100, 100, 100, 100], "Robot": [-0.6151303155006854, 16.46488340192044, -132.37342935528122, -82.29349794238684, 47.03950617283951]}, "11": {"Right_hand": [206, 244, 165, 238, 199, 138, 153, 141, 162], "Left_hand": [200, 200, 100, 100, 200, 100, 100, 100, 100], "Robot": [-0.7264921982167354, 17.66565500685871, -132.14586376886146, -78.74347479423868, 47.80645061728396]}, "10": {"Right_hand": [206, 244, 165, 238, 199, 138, 153, 141, 162], "Left_hand": [200, 200, 100, 100, 200, 100, 100, 100, 100], "Robot": [-0.6869067215363511, 17.238820301783267, -132.226755829904, -80.00539094650206, 47.53382716049383]}, "13": {"Right_hand": [206, 227, 165, 238, 199, 137, 153, 142, 162], "Left_hand": [200, 200, 100, 100, 200, 100, 100, 100, 100], "Robot": [-0.8115787894375863, 18.583110425240054, -131.97199116941016, -76.03106224279836, 48.39243827160494]}, "12": {"Right_hand": [206, 235, 165, 238, 199, 137, 153, 141, 162], "Left_hand": [200, 200, 100, 100, 200, 100, 100, 100, 100], "Robot": [-0.7681481481481485, 18.114814814814814, -132.06074074074075, -77.41555555555556, 48.093333333333334]}, "15": {"Right_hand": [206, 211, 165, 238, 199, 136, 153, 143, 162], "Left_hand": [200, 200, 100, 100, 200, 100, 100, 100, 100], "Robot": [-0.9025810185185196, 19.564351851851853, -131.7860300925926, -73.13006944444444, 49.01916666666667]}, "14": {"Right_hand": [206, 219, 165, 238, 199, 137, 153, 143, 162], "Left_hand": [200, 200, 100, 100, 200, 100, 100, 100, 100], "Robot": [-0.8564883401920447, 19.067352537722908, -131.880219478738, -74.59942386831275, 48.70172839506173]}, "17": {"Right_hand": [206, 195, 165, 238, 199, 136, 153, 145, 162], "Left_hand": [200, 200, 100, 100, 200, 100, 100, 100, 100], "Robot": [-0.997132630315502, 20.58386488340192, -131.59281592935528, -70.11592849794239, 49.67033950617284]}, "16": {"Right_hand": [206, 203, 165, 238, 199, 136, 153, 144, 162], "Left_hand": [200, 200, 100, 100, 200, 100, 100, 100, 100], "Robot": [-0.9495610425240067, 20.070919067215364, -131.69002743484225, -71.63242798353909, 49.342716049382716]}, "19": {"Right_hand": [206, 179, 165, 238, 199, 135, 153, 146, 162], "Left_hand": [200, 200, 100, 100, 200, 100, 100, 100, 100], "Robot": [-1.0928673696845013, 21.61613511659808, -131.39718407064473, -67.06407150205762, 50.32966049382716]}, "18": {"Right_hand": [206, 187, 165, 238, 199, 135, 153, 145, 162], "Left_hand": [200, 200, 100, 100, 200, 100, 100, 100, 100], "Robot": [-1.0450000000000017, 21.1, -131.495, -68.59, 50.0]}, "31": {"Right_hand": [206, 171, 165, 238, 199, 135, 153, 147, 162], "Left_hand": [200, 200, 100, 100, 200, 100, 100, 100, 100], "Robot": [-1.5596111968449975, 26.648851165980798, -130.4434032064472, -52.185090020576126, 53.5441049382716]}, "30": {"Right_hand": [206, 171, 165, 238, 199, 135, 153, 147, 162], "Left_hand": [200, 200, 100, 100, 200, 100, 100, 100, 100], "Robot": [-1.534814814814819, 26.381481481481483, -130.49407407407406, -52.97555555555555, 53.37333333333333]}, "36": {"Right_hand": [206, 171, 165, 238, 199, 135, 153, 147, 162], "Left_hand": [200, 200, 100, 100, 200, 100, 100, 100, 100], "Robot": [-1.6200000000000045, 27.3, -130.32, -50.26, 53.959999999999994]}, "35": {"Right_hand": [206, 171, 165, 238, 199, 135, 153, 147, 162],