{"text": "", "actors_NAME": ["r_shoulder_x", "r_arm_z", "r_forearm_z", "r_shoulder_y", "r_elbow_y"], "emotion_time": [], "emotion_name": "", "position": {"11": {"Right_hand": [218, 247, 100, 100, 246, 288, 288, 288, 285], "Left_hand": [200, 200, 100, 100, 200, 100, 100, 100, 100], "Robot": [-0.8874884259259193, 49.85537037037037, -140.8742939814815, -31.453761574074075, 37.4824074074074]}, "10": {"Right_hand": [218, 247, 100, 100, 246, 288, 288, 288, 285], "Left_hand": [200, 200, 100, 100, 200, 100, 100, 100, 100], "Robot": [-1.0740740740740673, 49.75962962962963, -140.8585185185185, -31.325925925925926, 38.15259259259258]}, "12": {"Right_hand": [218, 247, 100, 100, 246, 288, 288, 288, 285], "Left_hand": [200, 200, 100, 100, 200, 100, 100, 100, 100], "Robot": [-0.8199999999999932, 49.89, -140.88, -31.5, 37.239999999999995]}, "1": {"Right_hand": [218, 247, 100, 100, 246, 288, 288, 288, 285], "Left_hand": [200, 200, 100, 100, 200, 100, 100, 100, 100], "Robot": [-4.182511574074074, 48.16462962962963, -140.5957060185185, -29.196238425925923, 49.3175925925926]}, "0": {"Right_hand": [218, 247, 100, 100, 246, 288, 288, 288, 285], "Left_hand": [200, 200, 100, 100, 200, 100, 100, 100, 100], "Robot": [-4.25, 48.13, -140.59, -29.15, 49.56]}, "3": {"Right_hand": [218, 247, 100, 100, 246, 288, 288, 288, 285], "Left_hand": [200, 200, 100, 100, 200, 100, 100, 100, 100], "Robot": [-3.714062499999999, 48.405, -140.6353125, -29.5171875, 47.635]}, "2": {"Right_hand": [218, 247, 100, 100, 246, 288, 288, 288, 285], "Left_hand": [200, 200, 100, 100, 200, 100, 100, 100, 100], "Robot": [-3.9959259259259254, 48.260370370370374, -140.6114814814815, -29.324074074074073, 48.64740740740741]}, "5": {"Right_hand": [218, 247, 100, 100, 246, 288, 288, 288, 285], "Left_hand": [200, 200, 100, 100, 200, 100, 100, 100, 100], "Robot": [-2.95978009259259, 48.79203703703704, -140.69908564814816, -30.033969907407407, 44.92574074074074]}, "4": {"Right_hand": [218, 247, 100, 100, 246, 288, 288, 288, 285], "Left_hand": [200, 200, 100, 100, 200, 100, 100, 100, 100], "Robot": [-3.360740740740739, 48.5862962962963, -140.66518518518518, -29.75925925925926, 46.36592592592593]}, "7": {"Right_hand": [218, 247, 100, 100, 246, 288, 288, 288, 285], "Left_hand": [200, 200, 100, 100, 200, 100, 100, 100, 100], "Robot": [-2.110219907407403, 49.22796296296296, -140.77091435185184, -30.61603009259259, 41.874259259259254]}, "6": {"Right_hand": [218, 247, 100, 100, 246, 288, 288, 288, 285], "Left_hand": [200, 200, 100, 100, 200, 100, 100, 100, 100], "Robot": [-2.5349999999999966, 49.010000000000005, -140.735, -30.325, 43.4]}, "9": {"Right_hand": [218, 247, 100, 100, 246, 288, 288, 288, 285], "Left_hand": [200, 200, 100, 100, 200, 100, 100, 100, 100], "Robot": [-1.3559374999999942, 49.615, -140.8346875, -31.1328125, 39.16499999999999]}, "8": {"Right_hand": [218, 247, 100, 100, 246, 288, 288, 288, 285], "Left_hand": [200, 200, 100, 100, 200, 100, 100, 100, 100], "Robot": [-1.7092592592592544, 49.433703703703706, -140.80481481481482, -30.89074074074074, 40.434074074074076]}}, "freq": 13.0, "frame_number": 13, "speak": ""}