{"text": "", "actors_NAME": ["r_shoulder_x", "r_arm_z", "r_forearm_z", "l_shoulder_x", "l_arm_z", "l_forearm_z", "r_shoulder_y", "r_elbow_y", "l_shoulder_y", "l_elbow_y"], "emotion_time": [], "emotion_name": "", "position": {"24": {"Right_hand": [209, 168, 100, 279, 246, 288, 288, 288, 285], "Left_hand": [241, 100, 100, 253, 200, 271, 268, 253, 235], "Robot": [-13.666874999999994, 28.924687500000005, -76.7271875, 19.776874999999997, -32.12625, -90.44, 39.369687500000005, 53.3246875, 26.986562499999998, 53.08]}, "25": {"Right_hand": [209, 168, 100, 279, 246, 288, 288, 288, 285], "Left_hand": [241, 100, 100, 253, 200, 271, 268, 253, 235], "Robot": [-13.64602416992187, 27.83674499511719, -76.64815612792968, 19.842117919921872, -31.12406494140625, -90.44, 40.148903198242195, 53.33444030761719, 27.400552368164057, 53.08]}, "26": {"Right_hand": [209, 168, 100, 279, 246, 288, 288, 288, 285], "Left_hand": [241, 100, 100, 253, 200, 271, 268, 253, 235], "Robot": [-13.627216796874993, 26.855424804687505, -76.5768701171875, 19.900966796875, -30.22009765625, -90.44, 40.85175292968751, 53.343237304687506, 27.7739697265625, 53.08]}, "27": {"Right_hand": [209, 168, 100, 279, 246, 288, 288, 288, 285], "Left_hand": [241, 100, 100, 253, 200, 271, 268, 253, 235], "Robot": [-13.610679931640618, 25.992573852539067, -76.51419006347656, 19.952711181640623, -29.42526123046875, -90.44, 41.46975158691407, 53.35097229003907, 28.102306518554684, 53.08]}, "20": {"Right_hand": [209, 168, 100, 279, 246, 288, 288, 288, 285], "Left_hand": [241, 100, 100, 253, 200, 271, 268, 253, 235], "Robot": [-13.766171874999994, 34.1057421875, -77.10355468750001, 19.466171875, -36.898906249999996, -90.44, 35.65886718750001, 53.278242187500005, 25.015039062499994, 53.08]}, "21": {"Right_hand": [209, 168, 100, 279, 246, 288, 288, 288, 285], "Left_hand": [241, 100, 100, 253, 200, 271, 268, 253, 235], "Robot": [-13.73941772460937, 32.70977966308594, -77.00214782714843, 19.549886474609373, -35.612980957031255, -90.44, 36.65869567871094, 53.29075622558594, 25.54623840332031, 53.08]}, "22": {"Right_hand": [209, 168, 100, 279, 246, 288, 288, 288, 285], "Left_hand": [241, 100, 100, 253, 200, 271, 268, 253, 235], "Robot": [-13.713798828124995, 31.373051757812505, -76.9050439453125, 19.630048828125, -34.38162109375, -90.44, 37.61609863281251, 53.302739257812505, 26.054897460937497, 53.08]}, "23": {"Right_hand": [209, 168, 100, 279, 246, 288, 288, 288, 285], "Left_hand": [241, 100, 100, 253, 200, 271, 268, 253, 235], "Robot": [-13.68954223632812, 30.107405395507815, -76.81310363769532, 19.705948486328126, -33.215739746093746, -90.44, 38.52259094238282, 53.31408508300782, 26.536508178710932, 53.08]}, "28": {"Right_hand": [209, 168, 100, 279, 246, 288, 288, 288, 285], "Left_hand": [241, 100, 100, 253, 200, 271, 268, 253, 235], "Robot": [-13.596640624999994, 25.260039062500006, -76.4609765625, 19.996640624999998, -28.75046875, -90.44, 41.99441406250001, 53.3575390625, 28.381054687499997, 53.08]}, "29": {"Right_hand": [209, 168, 100, 279, 246, 288, 288, 288, 285], "Left_hand": [241, 100, 100, 253, 200, 271, 268, 253, 235], "Robot": [-13.585325927734369, 24.669667358398442, -76.41809020996094, 20.032044677734373, -28.20663330078125, -90.44, 42.41725524902344, 53.362831420898445, 28.60570617675781, 53.08]}, "1": {"Right_hand": [209, 168, 100, 279, 246, 288, 288, 288, 285], "Left_hand": [241, 100, 100, 253, 200, 271, 268, 253, 235], "Robot": [-14.188221435546872, 56.12719909667969, -78.7032586669922, 18.145565185546875, -57.184514160156255, -90.44, 19.88646667480468, 53.080831909179686, 16.635313110351557, 53.08]}, "0": {"Right_hand": [209, 168, 100, 279, 246, 288, 288, 288, 285], "Left_hand": [241, 100, 100, 253, 200, 271, 268, 253, 235], "Robot": [-14.189999999999998, 56.22, -78.71000000000001, 18.14, -57.27, -90.44, 19.819999999999993, 53.08, 16.599999999999994, 53.08]}, "3": {"Right_hand": [209, 168, 100, 279, 246, 288, 288, 288, 285], "Left_hand": [241, 100, 100, 253, 200, 271, 268, 253, 235], "Robot": [-14.174674072265622, 55.42033264160156, -78.65190979003907, 18.187955322265626, -56.53336669921875, -90.44, 20.392744750976554, 53.08716857910156, 16.90429382324218, 53.08]}, "2": {"Right_hand": [209, 168, 100, 279, 246, 288, 288, 288, 285], "Left_hand": [241, 100, 100, 253, 200, 271, 268, 253, 235], "Robot": [-14.183037109374999, 55.8566943359375, -78.68360839843751, 18.161787109375002, -56.935332031250006, -90.44, 20.080209960937495, 53.0832568359375, 16.738247070312493, 53.08]}, "5": {"Right_hand": [209, 168, 100, 279, 246, 288, 288, 288, 285], "Left_hand": [241, 100, 100, 253, 200, 271, 268, 253, 235], "Robot": [-14.149320068359373, 54.097426147460936, -78.55580993652345, 18.267288818359376, -55.31473876953125, -90.44, 21.34024841308593, 53.099027709960936, 17.407693481445307, 53.08]}, "4": {"Right_hand": [209, 168, 100, 279, 246, 288, 288, 288, 285], "Left_hand": [241, 100, 100, 253, 200, 271, 268, 253, 235], "Robot": [-14.163359374999997, 54.8299609375, -78.60902343750001, 18.223359375, -55.989531250000006, -90.44, 20.815585937499993, 53.0924609375, 17.128945312499994, 53.08]}, "7": {"Right_hand": [209, 168, 100, 279, 246, 288, 288, 288, 285], "Left_hand": [241, 100, 100, 253, 200, 271, 268, 253, 235], "Robot": [-14.113975830078122, 52.25325500488281, -78.42184387207033, 18.377882080078127, -53.61593505859375, -90.44, 22.661096801757807, 53.11555969238281, 18.10944763183593, 53.08]}, "6": {"Right_hand": [209, 168, 100, 279, 246, 288, 288, 288, 285], "Left_hand": [241, 100, 100, 253, 200, 271, 268, 253, 235], "Robot": [-14.132783203124998, 53.2345751953125, -78.49312988281251, 18.319033203125, -54.519902343750005, -90.44, 21.958247070312495, 53.1067626953125, 17.736030273437496, 53.08]}, "9": {"Right_hand": [209, 168, 100, 279, 246, 288, 288, 288, 285], "Left_hand": [241, 100, 100, 253, 200, 271, 268, 253, 235], "Robot": [-14.070457763671872, 49.982594604492185, -78.25689636230469, 18.514051513671877, -51.52426025390625, -90.44, 24.287409057617182, 53.135914916992185, 18.97349182128906, 53.08]}, "8": {"Right_hand": [209, 168, 100, 279, 246, 288, 288, 288, 285], "Left_hand": [241, 100, 100, 253, 200, 271, 268, 253, 235], "Robot": [-14.093124999999997, 51.1653125, -78.34281250000001, 18.443125000000002, -52.61375, -90.44, 23.440312499999997, 53.1253125, 18.523437499999993, 53.08]}, "11": {"Right_hand": [209, 168, 100, 279, 246, 288, 288, 288, 285], "Left_hand": [241, 100, 100, 253, 200, 271, 268, 253, 235], "Robot": [-14.020582275390622, 47.380220336914064, -78.06785217285157, 18.670113525390626, -49.127019042968755, -90.44, 26.15130432128906, 53.159243774414065, 19.96376159667968, 53.08]}, "10": {"Right_hand": [209, 168, 100, 279, 246, 288, 288, 288, 285], "Left_hand": [241, 100, 100, 253, 200, 271, 268, 253, 235], "Robot": [-14.046201171874996, 48.7169482421875, -78.16495605468751, 18.589951171875, -50.35837890625, -90.44, 25.193901367187497, 53.1472607421875, 19.455102539062494, 53.08]}, "13": {"Right_hand": [209, 168, 100, 279, 246, 288, 288, 288, 285], "Left_hand": [241, 100, 100, 253, 200, 271, 268, 253, 235], "Robot": [-13.966165771484372, 44.540907592773436, -77.86159606933595, 18.840384521484374, -46.51151611328125, -90.44, 28.184901733398437, 53.18469665527344, 21.04419250488281, 53.08]}, "12": {"Right_hand": [209, 168, 100, 279, 246, 288, 288, 288, 285], "Left_hand": [241, 100, 100, 253, 200, 271, 268, 253, 235], "Robot": [-13.993828124999997, 45.984257812500005, -77.9664453125, 18.753828125, -47.84109375, -90.44, 27.1511328125, 53.1717578125, 20.494960937499997, 53.08]}, "15": {"Right_hand": [209, 168, 100, 279, 246, 288, 288, 288, 285], "Left_hand": [241, 100, 100, 253, 200, 271, 268, 253, 235], "Robot": [-13.909024658203121, 41.55943176269531, -77.64501281738282, 19.019180908203126, -43.76505615234375, -90.44, 30.320320434570313, 53.21142395019531, 22.178720092773432, 53.08]}, "14": {"Right_hand": [209, 168, 100, 279, 246, 288, 288, 288, 285],