{"emotion_time": [], "actors_NAME": ["r_shoulder_x", "r_arm_z", "r_forearm_z", "r_shoulder_y", "r_elbow_y"], "emotion_name": "", "position": {"42": {"Right_hand": [200, 288, 212, 300, 227, 100, 100, 100, 100], "Left_hand": [200, 200, 100, 100, 200, 100, 100, 100, 100], "Robot": [5.329999999999998, 40.75, 13.370000000000005, -96.89, 24.340000000000003]}, "48": {"Right_hand": [200, 288, 212, 300, 227, 100, 100, 100, 100], "Left_hand": [200, 200, 100, 100, 200, 100, 100, 100, 100], "Robot": [5.329999999999998, 40.66, 13.370000000000005, -96.89, 24.340000000000003]}, "43": {"Right_hand": [200, 288, 212, 300, 227, 100, 100, 100, 100], "Left_hand": [200, 200, 100, 100, 200, 100, 100, 100, 100], "Robot": [5.329999999999998, 40.66, 13.370000000000005, -96.89, 24.340000000000003]}, "49": {"Right_hand": [200, 288, 212, 300, 227, 100, 100, 100, 100], "Left_hand": [200, 200, 100, 100, 200, 100, 100, 100, 100], "Robot": [5.329999999999998, 40.66, 13.370000000000005, -96.89, 24.340000000000003]}, "24": {"Right_hand": [200, 288, 212, 300, 227, 100, 100, 100, 100], "Left_hand": [200, 200, 100, 100, 200, 100, 100, 100, 100], "Robot": [5.329999999999998, 40.84, 13.370000000000005, -97.18, 24.340000000000003]}, "25": {"Right_hand": [200, 288, 212, 300, 227, 100, 100, 100, 100], "Left_hand": [200, 200, 100, 100, 200, 100, 100, 100, 100], "Robot": [5.329999999999998, 40.84, 13.370000000000005, -97.18, 24.340000000000003]}, "26": {"Right_hand": [200, 288, 212, 300, 227, 100, 100, 100, 100], "Left_hand": [200, 200, 100, 100, 200, 100, 100, 100, 100], "Robot": [5.329999999999998, 40.84, 13.370000000000005, -97.18, 24.340000000000003]}, "27": {"Right_hand": [200, 288, 212, 300, 227, 100, 100, 100, 100], "Left_hand": [200, 200, 100, 100, 200, 100, 100, 100, 100], "Robot": [5.329999999999998, 40.84, 13.370000000000005, -97.18, 24.340000000000003]}, "20": {"Right_hand": [200, 288, 212, 300, 227, 100, 100, 100, 100], "Left_hand": [200, 200, 100, 100, 200, 100, 100, 100, 100], "Robot": [5.329999999999998, 40.84, 13.370000000000005, -97.18, 24.340000000000003]}, "21": {"Right_hand": [200, 288, 212, 300, 227, 100, 100, 100, 100], "Left_hand": [200, 200, 100, 100, 200, 100, 100, 100, 100], "Robot": [5.329999999999998, 40.84, 13.370000000000005, -97.18, 24.340000000000003]}, "22": {"Right_hand": [200, 288, 212, 300, 227, 100, 100, 100, 100], "Left_hand": [200, 200, 100, 100, 200, 100, 100, 100, 100], "Robot": [5.329999999999998, 40.84, 13.370000000000005, -97.18, 24.340000000000003]}, "23": {"Right_hand": [200, 288, 212, 300, 227, 100, 100, 100, 100], "Left_hand": [200, 200, 100, 100, 200, 100, 100, 100, 100], "Robot": [5.329999999999998, 40.84, 13.370000000000005, -97.18, 24.340000000000003]}, "46": {"Right_hand": [200, 288, 212, 300, 227, 100, 100, 100, 100], "Left_hand": [200, 200, 100, 100, 200, 100, 100, 100, 100], "Robot": [5.329999999999998, 40.66, 13.370000000000005, -96.89, 24.340000000000003]}, "47": {"Right_hand": [200, 288, 212, 300, 227, 100, 100, 100, 100], "Left_hand": [200, 200, 100, 100, 200, 100, 100, 100, 100], "Robot": [5.329999999999998, 40.66, 13.370000000000005, -96.89, 24.340000000000003]}, "44": {"Right_hand": [200, 288, 212, 300, 227, 100, 100, 100, 100], "Left_hand": [200, 200, 100, 100, 200, 100, 100, 100, 100], "Robot": [5.329999999999998, 40.66, 13.370000000000005, -96.89, 24.340000000000003]}, "45": {"Right_hand": [200, 288, 212, 300, 227, 100, 100, 100, 100], "Left_hand": [200, 200, 100, 100, 200, 100, 100, 100, 100], "Robot": [5.329999999999998, 40.66, 13.370000000000005, -96.89, 24.340000000000003]}, "28": {"Right_hand": [200, 288, 212, 300, 227, 100, 100, 100, 100], "Left_hand": [200, 200, 100, 100, 200, 100, 100, 100, 100], "Robot": [5.329999999999998, 40.84, 13.370000000000005, -97.18, 24.340000000000003]}, "29": {"Right_hand": [200, 288, 212, 300, 227, 100, 100, 100, 100], "Left_hand": [200, 200, 100, 100, 200, 100, 100, 100, 100], "Robot": [5.329999999999998, 40.84, 13.370000000000005, -97.18, 24.340000000000003]}, "40": {"Right_hand": [200, 288, 212, 300, 227, 100, 100, 100, 100], "Left_hand": [200, 200, 100, 100, 200, 100, 100, 100, 100], "Robot": [5.329999999999998, 40.75, 13.370000000000005, -96.89, 24.340000000000003]}, "41": {"Right_hand": [200, 288, 212, 300, 227, 100, 100, 100, 100], "Left_hand": [200, 200, 100, 100, 200, 100, 100, 100, 100], "Robot": [5.329999999999998, 40.75, 13.370000000000005, -96.89, 24.340000000000003]}, "1": {"Right_hand": [200, 288, 212, 300, 227, 100, 100, 100, 100], "Left_hand": [200, 200, 100, 100, 200, 100, 100, 100, 100], "Robot": [5.329999999999998, 41.19, 13.370000000000005, -98.06, 24.340000000000003]}, "0": {"Right_hand": [200, 288, 212, 300, 227, 100, 100, 100, 100], "Left_hand": [200, 200, 100, 100, 200, 100, 100, 100, 100], "Robot": [5.329999999999998, 41.19, 13.370000000000005, -98.06, 24.340000000000003]}, "3": {"Right_hand": [200, 288, 212, 300, 227, 100, 100, 100, 100], "Left_hand": [200, 200, 100, 100, 200, 100, 100, 100, 100], "Robot": [5.329999999999998, 41.1, 13.370000000000005, -98.06, 24.340000000000003]}, "2": {"Right_hand": [200, 288, 212, 300, 227, 100, 100, 100, 100], "Left_hand": [200, 200, 100, 100, 200, 100, 100, 100, 100], "Robot": [5.329999999999998, 41.1, 13.370000000000005, -98.06, 24.340000000000003]}, "5": {"Right_hand": [200, 288, 212, 300, 227, 100, 100, 100, 100], "Left_hand": [200, 200, 100, 100, 200, 100, 100, 100, 100], "Robot": [5.329999999999998, 41.1, 13.370000000000005, -98.06, 24.340000000000003]}, "4": {"Right_hand": [200, 288, 212, 300, 227, 100, 100, 100, 100], "Left_hand": [200, 200, 100, 100, 200, 100, 100, 100, 100], "Robot": [5.329999999999998, 41.1, 13.370000000000005, -98.06, 24.340000000000003]}, "7": {"Right_hand": [200, 288, 212, 300, 227, 100, 100, 100, 100], "Left_hand": [200, 200, 100, 100, 200, 100, 100, 100, 100], "Robot": [5.329999999999998, 41.1, 13.370000000000005, -98.06, 24.340000000000003]}, "6": {"Right_hand": [200, 288, 212, 300, 227, 100, 100, 100, 100], "Left_hand": [200, 200, 100, 100, 200, 100, 100, 100, 100], "Robot": [5.329999999999998, 41.1, 13.370000000000005, -98.06, 24.340000000000003]}, "9": {"Right_hand": [200, 288, 212, 300, 227, 100, 100, 100, 100], "Left_hand": [200, 200, 100, 100, 200, 100, 100, 100, 100], "Robot": [5.329999999999998, 41.1, 13.370000000000005, -98.06, 24.340000000000003]}, "8": {"Right_hand": [200, 288, 212, 300, 227, 100, 100, 100, 100], "Left_hand": [200, 200, 100, 100, 200, 100, 100, 100, 100], "Robot": [5.329999999999998, 41.1, 13.370000000000005, -98.06, 24.340000000000003]}, "39": {"Right_hand": [200, 288, 212, 300, 227, 100, 100, 100, 100], "Left_hand": [200, 200, 100, 100, 200, 100, 100, 100, 100], "Robot": [5.329999999999998, 40.75, 13.370000000000005, -96.89, 24.340000000000003]}, "38": {"Right_hand": [200, 288, 212, 300, 227, 100, 100, 100, 100], "Left_hand": [200, 200, 100, 100, 200, 100, 100, 100, 100], "Robot": [5.329999999999998, 40.75, 13.370000000000005, -97.18, 24.340000000000003]}, "11": {"Right_hand": [200, 288, 212, 300, 227, 100, 100, 100, 100], "Left_hand": [200, 200, 100, 100, 200, 100, 100, 100, 100], "Robot": [5.329999999999998, 41.1, 13.370000000000005, -98.06, 24.340000000000003]}, "10": {"Right_hand": [200, 288, 212, 300, 227, 100, 100, 100, 100], "Left_hand": [200, 200, 100, 100, 200, 100, 100, 100, 100], "Robot": [5.329999999999998, 41.1, 13.370000000000005, -98.06, 24.340000000000003]}, "13": {"Right_hand": [200, 288, 212, 300, 227, 100, 100, 100, 100], "Left_hand": [200, 200, 100, 100, 200, 100, 100, 100, 100], "Robot": [5.329999999999998, 41.1, 13.370000000000005, -97.77, 24.340000000000003]}, "12": {"Right_hand": [200, 288, 212, 300, 227, 100, 100, 100, 100], "Left_hand": [200, 200, 100, 100, 200, 100, 100, 100, 100], "Robot": [5.329999999999998, 41.1, 13.370000000000005, -98.06, 24.340000000000003]}, "15": {"Right_hand": [200, 288, 212, 300, 227, 100, 100, 100, 100], "Left_hand": [200, 200, 100, 100, 200, 100, 100, 100, 100],