{"text": "", "actors_NAME": ["r_shoulder_x", "r_arm_z", "r_forearm_z", "r_shoulder_y", "r_elbow_y"], "emotion_time": [], "emotion_name": "", "position": {"11": {"Right_hand": [168, 224, 100, 100, 145, 100, 280, 280, 280], "Left_hand": [200, 200, 100, 100, 200, 100, 100, 100, 100], "Robot": [0.4299644444444486, 2.2613185185185185, -10.511641481481476, -39.675037037037036, 53.959999999999994]}, "10": {"Right_hand": [168, 224, 100, 100, 145, 100, 280, 280, 280], "Left_hand": [200, 200, 100, 100, 200, 100, 100, 100, 100], "Robot": [0.5255555555555598, 2.018148148148148, -9.871851851851847, -38.3962962962963, 53.959999999999994]}, "13": {"Right_hand": [168, 224, 100, 100, 145, 100, 280, 280, 280], "Left_hand": [200, 200, 100, 100, 200, 100, 100, 100, 100], "Robot": [0.2853955555555594, 2.6290814814814816, -11.479238518518514, -41.60896296296296, 53.959999999999994]}, "12": {"Right_hand": [168, 224, 100, 100, 145, 100, 280, 280, 280], "Left_hand": [200, 200, 100, 100, 200, 100, 100, 100, 100], "Robot": [0.348560000000004, 2.4684000000000004, -11.056479999999997, -40.764, 53.959999999999994]}, "15": {"Right_hand": [168, 224, 100, 100, 145, 100, 280, 280, 280], "Left_hand": [200, 200, 100, 100, 200, 100, 100, 100, 100], "Robot": [0.23000000000000398, 2.77, -11.849999999999994, -42.35, 53.959999999999994]}, "14": {"Right_hand": [168, 224, 100, 100, 145, 100, 280, 280, 280], "Left_hand": [200, 200, 100, 100, 200, 100, 100, 100, 100], "Robot": [0.24452444444444832, 2.733051851851852, -11.752788148148142, -42.15570370370371, 53.959999999999994]}, "1": {"Right_hand": [168, 224, 100, 100, 145, 100, 280, 280, 280], "Left_hand": [200, 200, 100, 100, 200, 100, 100, 100, 100], "Robot": [1.35547555555556, -0.09305185185185186, -4.317211851851851, -27.2942962962963, 53.959999999999994]}, "0": {"Right_hand": [168, 224, 100, 100, 145, 100, 280, 280, 280], "Left_hand": [200, 200, 100, 100, 200, 100, 100, 100, 100], "Robot": [1.3700000000000045, -0.13, -4.219999999999999, -27.1, 53.959999999999994]}, "3": {"Right_hand": [168, 224, 100, 100, 145, 100, 280, 280, 280], "Left_hand": [200, 200, 100, 100, 200, 100, 100, 100, 100], "Robot": [1.2514400000000045, 0.17160000000000003, -5.013519999999999, -28.686, 53.959999999999994]}, "2": {"Right_hand": [168, 224, 100, 100, 145, 100, 280, 280, 280], "Left_hand": [200, 200, 100, 100, 200, 100, 100, 100, 100], "Robot": [1.314604444444449, 0.010918518518518522, -4.59076148148148, -27.84103703703704, 53.959999999999994]}, "5": {"Right_hand": [168, 224, 100, 100, 145, 100, 280, 280, 280], "Left_hand": [200, 200, 100, 100, 200, 100, 100, 100, 100], "Robot": [1.074444444444449, 0.6218518518518518, -6.198148148148146, -31.053703703703704, 53.959999999999994]}, "4": {"Right_hand": [168, 224, 100, 100, 145, 100, 280, 280, 280], "Left_hand": [200, 200, 100, 100, 200, 100, 100, 100, 100], "Robot": [1.17003555555556, 0.3786814814814815, -5.558358518518517, -29.774962962962967, 53.959999999999994]}, "7": {"Right_hand": [168, 224, 100, 100, 145, 100, 280, 280, 280], "Left_hand": [200, 200, 100, 100, 200, 100, 100, 100, 100], "Robot": [0.8569155555555599, 1.1752148148148147, -7.654065185185182, -33.96362962962963, 53.959999999999994]}, "6": {"Right_hand": [168, 224, 100, 100, 145, 100, 280, 280, 280], "Left_hand": [200, 200, 100, 100, 200, 100, 100, 100, 100], "Robot": [0.9687200000000042, 0.8908000000000001, -6.905759999999998, -32.468, 53.959999999999994]}, "9": {"Right_hand": [168, 224, 100, 100, 145, 100, 280, 280, 280], "Left_hand": [200, 200, 100, 100, 200, 100, 100, 100, 100], "Robot": [0.6312800000000042, 1.7492, -9.164239999999996, -36.982, 53.959999999999994]}, "8": {"Right_hand": [168, 224, 100, 100, 145, 100, 280, 280, 280], "Left_hand": [200, 200, 100, 100, 200, 100, 100, 100, 100], "Robot": [0.7430844444444487, 1.464785185185185, -8.415934814814811, -35.48637037037037, 53.959999999999994]}}, "freq": 32.0, "frame_number": 16, "speak": ""}