{"text": "", "actors_NAME": ["r_shoulder_x", "r_arm_z", "r_forearm_z", "r_shoulder_y", "r_elbow_y"], "emotion_time": [], "emotion_name": "", "position": {"30": {"Right_hand": [147, 232, 207, 182, 154, 209, 280, 280, 280], "Left_hand": [200, 200, 100, 100, 200, 100, 100, 100, 100], "Robot": [-15.614528972303201, 32.45762481778426, -112.22094205539359, -62.80993440233237, 51.47288538629737]}, "28": {"Right_hand": [147, 232, 207, 182, 154, 209, 280, 280, 280], "Left_hand": [200, 200, 100, 100, 200, 100, 100, 100, 100], "Robot": [-14.184999999999995, 33.055, -109.21000000000001, -63.61, 51.175]}, "29": {"Right_hand": [147, 232, 207, 182, 154, 209, 280, 280, 280], "Left_hand": [200, 200, 100, 100, 200, 100, 100, 100, 100], "Robot": [-14.900677728680755, 32.75593078079446, -110.71739454263849, -63.20945608600583, 51.32413299471574]}, "35": {"Right_hand": [147, 232, 207, 182, 154, 209, 280, 280, 280], "Left_hand": [200, 200, 100, 100, 200, 100, 100, 100, 100], "Robot": [-19.092460937499997, 31.0042578125, -119.546328125, -60.8634375, 52.19761718749999]}, "34": {"Right_hand": [147, 232, 207, 182, 154, 209, 280, 280, 280], "Left_hand": [200, 200, 100, 100, 200, 100, 100, 100, 100], "Robot": [-18.415139395043727, 31.2872986516035, -118.11972120991254, -61.24251457725948, 52.056476858600575]}, "24": {"Right_hand": [147, 232, 207, 182, 154, 209, 280, 280, 280], "Left_hand": [200, 200, 100, 100, 200, 100, 100, 100, 100], "Robot": [-11.340553935860052, 34.2436443148688, -103.21889212827989, -65.20195335276968, 50.582274052478134]}, "25": {"Right_hand": [147, 232, 207, 182, 154, 209, 280, 280, 280], "Left_hand": [200, 200, 100, 100, 200, 100, 100, 100, 100], "Robot": [-12.045272754190957, 33.949154632835274, -104.70320449161808, -64.80754282069971, 50.72912342838921]}, "26": {"Right_hand": [147, 232, 207, 182, 154, 209, 280, 280, 280], "Left_hand": [200, 200, 100, 100, 200, 100, 100, 100, 100], "Robot": [-12.755471027696787, 33.65237518221574, -106.19905794460642, -64.41006559766764, 50.877114613702624]}, "27": {"Right_hand": [147, 232, 207, 182, 154, 209, 280, 280, 280], "Left_hand": [200, 200, 100, 100, 200, 100, 100, 100, 100], "Robot": [-13.469322271319237, 33.35406921920554, -107.70260545736153, -64.01054391399417, 51.025867005284255]}, "20": {"Right_hand": [147, 232, 207, 182, 154, 209, 280, 280, 280], "Left_hand": [200, 200, 100, 100, 200, 100, 100, 100, 100], "Robot": [-8.61300291545189, 35.38344023323615, -97.47399416909622, -66.72848396501458, 50.013906705539355]}, "21": {"Right_hand": [147, 232, 207, 182, 154, 209, 280, 280, 280], "Left_hand": [200, 200, 100, 100, 200, 100, 100, 100, 100], "Robot": [-9.277539062499994, 35.1057421875, -98.87367187500001, -66.35656250000001, 50.1523828125]}, "48": {"Right_hand": [147, 232, 207, 182, 154, 209, 280, 280, 280], "Left_hand": [200, 200, 100, 100, 200, 100, 100, 100, 100], "Robot": [-26.06932944606414, 28.08874635568513, -134.24134110787173, -56.95868804664723, 53.651457725947516]}, "49": {"Right_hand": [147, 232, 207, 182, 154, 209, 280, 280, 280], "Left_hand": [200, 200, 100, 100, 200, 100, 100, 100, 100], "Robot": [-26.401445312499998, 27.9499609375, -134.940859375, -56.7728125, 53.72066406249999]}, "46": {"Right_hand": [147, 232, 207, 182, 154, 209, 280, 280, 280], "Left_hand": [200, 200, 100, 100, 200, 100, 100, 100, 100], "Robot": [-25.29733509475218, 28.411349307580174, -132.61532981049564, -57.390750728862976, 53.49058946793002]}, "23": {"Right_hand": [147, 232, 207, 182, 154, 209, 280, 280, 280], "Left_hand": [200, 200, 100, 100, 200, 100, 100, 100, 100], "Robot": [-10.643141057762385, 34.535080972120994, -101.74996788447523, -65.59227496355686, 50.4369470891035]}, "44": {"Right_hand": [147, 232, 207, 182, 154, 209, 280, 280, 280], "Left_hand": [200, 200, 100, 100, 200, 100, 100, 100, 100], "Robot": [-24.39383381924198, 28.788906705539357, -130.71233236151605, -57.896413994169095, 53.30231778425655]}, "45": {"Right_hand": [147, 232, 207, 182, 154, 209, 280, 280, 280], "Left_hand": [200, 200, 100, 100, 200, 100, 100, 100, 100], "Robot": [-24.86110957999271, 28.593640328899415, -131.6965308400146, -57.63489340379009, 53.39968875273323]}, "42": {"Right_hand": [147, 232, 207, 182, 154, 209, 280, 280, 280], "Left_hand": [200, 200, 100, 100, 200, 100, 100, 100, 100], "Robot": [-23.373437499999998, 29.2153125, -128.563125, -58.4675, 53.0896875]}, "43": {"Right_hand": [147, 232, 207, 182, 154, 209, 280, 280, 280], "Left_hand": [200, 200, 100, 100, 200, 100, 100, 100, 100], "Robot": [-23.897334297558306, 28.996385181304664, -129.6665814048834, -58.174290269679304, 53.19885716563411]}, "40": {"Right_hand": [147, 232, 207, 182, 154, 209, 280, 280, 280], "Left_hand": [200, 200, 100, 100, 200, 100, 100, 100, 100], "Robot": [-22.250758017492707, 29.68446064139942, -126.19848396501459, -59.09583090379009, 52.85574344023323]}, "41": {"Right_hand": [147, 232, 207, 182, 154, 209, 280, 280, 280], "Left_hand": [200, 200, 100, 100, 200, 100, 100, 100, 100], "Robot": [-22.82396991162536, 29.44492540543003, -127.40581017674927, -58.7750209548105, 52.97518939048833]}, "1": {"Right_hand": [147, 232, 207, 182, 154, 209, 280, 280, 280], "Left_hand": [200, 200, 100, 100, 200, 100, 100, 100, 100], "Robot": [-0.8452663766399349, 38.6294416226312, -81.11321724672013, -71.07585914723032, 48.395265010021866]}, "0": {"Right_hand": [147, 232, 207, 182, 154, 209, 280, 280, 280], "Left_hand": [200, 200, 100, 100, 200, 100, 100, 100, 100], "Robot": [-0.8199999999999932, 38.64, -81.06, -71.09, 48.39]}, "3": {"Right_hand": [147, 232, 207, 182, 154, 209, 280, 280, 280], "Left_hand": [200, 200, 100, 100, 200, 100, 100, 100, 100], "Robot": [-1.0419179345845413, 38.54726437226677, -81.5274141308309, -70.96579901603499, 48.436243280794464]}, "2": {"Right_hand": [147, 232, 207, 182, 154, 209, 280, 280, 280], "Left_hand": [200, 200, 100, 100, 200, 100, 100, 100, 100], "Robot": [-0.9198478498542206, 38.59827532798834, -81.27030430029154, -71.03411807580176, 48.410806304664725]}, "5": {"Right_hand": [147, 232, 207, 182, 154, 209, 280, 280, 280], "Left_hand": [200, 200, 100, 100, 200, 100, 100, 100, 100], "Robot": [-1.4212179983600517, 38.38876150236881, -82.32631400327989, -70.75351585276968, 48.515281864978135]}, "4": {"Right_hand": [147, 232, 207, 182, 154, 209, 280, 280, 280], "Left_hand": [200, 200, 100, 100, 200, 100, 100, 100, 100], "Robot": [-1.209650145772588, 38.47717201166181, -81.88069970845481, -70.87192419825074, 48.47119533527697]}, "7": {"Right_hand": [147, 232, 207, 182, 154, 209, 280, 280, 280], "Left_hand": [200, 200, 100, 100, 200, 100, 100, 100, 100], "Robot": [-1.9685546874999933, 38.1600390625, -83.479140625, -70.4471875, 48.6293359375]}, "6": {"Right_hand": [147, 232, 207, 182, 154, 209, 280, 280, 280], "Left_hand": [200, 200, 100, 100, 200, 100, 100, 100, 100], "Robot": [-1.674795007288623, 38.28279610058309, -82.86040998542275, -70.61159620991253, 48.56812226676385]}, "9": {"Right_hand": [147, 232, 207, 182, 154, 209, 280, 280, 280], "Left_hand": [200, 200, 100, 100, 200, 100, 100, 100, 100], "Robot": [-2.6693161215378947, 37.86720310222303, -84.9551177569242, -70.05499180029155, 48.775360673287175]}, "8": {"Right_hand": [147, 232, 207, 182, 154, 209, 280, 280, 280], "Left_hand": [200, 200, 100, 100, 200, 100, 100, 100, 100], "Robot": [-2.3006705539358534, 38.02125364431487, -84.17865889212828, -70.26131195335277, 48.69854227405248]}, "18": {"Right_hand": [147, 232, 207, 182, 154, 209, 280, 280, 280], "Left_hand": [200, 200, 100, 100, 200, 100, 100, 100, 100], "Robot": [-7.329592747813407, 35.919754919825074, -94.77081450437319, -67.44677113702625, 49.74646956997084]}, "13": {"Right_hand": [147, 232, 207, 182, 154, 209, 280, 280, 280], "Left_hand": [200, 200, 100, 100, 200, 100, 100, 100, 100], "Robot": [-4.4726657024416845, 37.11361481869534, -88.75341859511661, -69.04570973032071, 49.15114283436589]}, "12": {"Right_hand": [147, 232, 207, 182, 154, 209, 280, 280, 280],