{"text": "", "actors_NAME": ["r_shoulder_x", "r_arm_z", "r_forearm_z", "l_shoulder_x", "l_arm_z", "l_forearm_z", "r_shoulder_y", "r_elbow_y", "l_shoulder_y", "l_elbow_y"], "emotion_time": [], "emotion_name": "", "position": {"28": {"Right_hand": [200, 200, 160, 100, 200, 100, 288, 291, 282], "Left_hand": [200, 200, 151, 100, 200, 100, 294, 294, 297], "Robot": [-8.550000000000004, 21.666296296296295, -63.32703703703704, 10.060370370370368, -30.753703703703703, -53.6637037037037, -7.90703703703704, 17.91925925925926, -14.603703703703705, 13.522592592592591]}, "24": {"Right_hand": [200, 200, 160, 100, 200, 100, 288, 291, 282], "Left_hand": [200, 200, 151, 100, 200, 100, 294, 294, 297], "Robot": [-11.596530612244901, 20.343177842565595, -67.81758017492712, 14.88941690962099, -28.99402332361516, -59.375276967930034, -9.205976676384841, 17.328221574344024, -15.27399416909621, 13.995422740524779]}, "25": {"Right_hand": [200, 200, 160, 100, 200, 100, 288, 291, 282], "Left_hand": [200, 200, 151, 100, 200, 100, 294, 294, 297], "Robot": [-10.809183673469391, 20.685125256451784, -66.65704189612353, 13.641395637620125, -29.448796026347047, -57.89917503509341, -8.87027804772703, 17.48096965770435, -15.100763956376202, 13.873224273836517]}, "26": {"Right_hand": [200, 200, 160, 100, 200, 100, 288, 291, 282], "Left_hand": [200, 200, 151, 100, 200, 100, 294, 294, 297], "Robot": [-10.0365306122449, 21.020691070078826, -65.51816218550913, 12.416665586869666, -29.89508152467336, -56.45062088327394, -8.540844401252567, 17.630867076989524, -14.930766655868698, 13.753306338408377]}, "27": {"Right_hand": [200, 200, 160, 100, 200, 100, 288, 291, 282], "Left_hand": [200, 200, 151, 100, 200, 100, 294, 294, 297], "Robot": [-9.282244897959185, 21.348279883381924, -64.40635568513119, 11.22104956268221, -30.330758017492712, -55.03650145772595, -8.21924198250729, 17.77720116618076, -14.764810495626822, 13.636239067055392]}, "20": {"Right_hand": [200, 200, 160, 100, 200, 100, 288, 291, 282], "Left_hand": [200, 200, 151, 100, 200, 100, 294, 294, 297], "Robot": [-14.819387755102044, 18.943480185725083, -72.56802613108736, 19.99795810387647, -27.132496490659754, -65.41742360436238, -10.580096101932837, 16.70297592052694, -15.983079581038766, 14.495619263578444]}, "21": {"Right_hand": [200, 200, 160, 100, 200, 100, 288, 291, 282], "Left_hand": [200, 200, 151, 100, 200, 100, 294, 294, 297], "Robot": [-14.010000000000002, 19.294999999999998, -71.375, 18.714999999999996, -27.6, -63.9, -10.235, 16.86, -15.805, 14.369999999999997]}, "22": {"Right_hand": [200, 200, 160, 100, 200, 100, 288, 291, 282], "Left_hand": [200, 200, 151, 100, 200, 100, 294, 294, 297], "Robot": [-13.20061224489796, 19.646519814274917, -70.18197386891265, 17.432041896123526, -28.067503509340245, -62.382576395637614, -9.889903898067164, 17.01702407947306, -15.626920418961236, 14.244380736421551]}, "23": {"Right_hand": [200, 200, 160, 100, 200, 100, 288, 291, 282], "Left_hand": [200, 200, 151, 100, 200, 100, 294, 294, 297], "Robot": [-12.394897959183675, 19.996444228485043, -68.99436237987258, 16.154906597559656, -28.532885217579093, -60.87203973652953, -9.546374041680163, 17.17333549292733, -15.449649065975596, 14.119331605658134]}, "42": {"Right_hand": [200, 200, 160, 100, 200, 100, 288, 291, 282], "Left_hand": [200, 200, 151, 100, 200, 100, 294, 294, 297], "Robot": [-2.6700000000000017, 24.22, -54.66, 0.7399999999999949, -34.15, -42.64, -5.400000000000006, 19.060000000000002, -13.310000000000002, 12.61]}, "29": {"Right_hand": [200, 200, 160, 100, 200, 100, 288, 291, 282], "Left_hand": [200, 200, 151, 100, 200, 100, 294, 294, 297], "Robot": [-7.843469387755103, 21.973144908757153, -62.28562088327394, 8.940450815246727, -31.161796782204945, -52.339114566461504, -7.60579581038765, 18.056328690206243, -14.448254508152468, 13.412937047835005]}, "40": {"Right_hand": [200, 200, 160, 100, 200, 100, 288, 291, 282], "Left_hand": [200, 200, 151, 100, 200, 100, 294, 294, 297], "Robot": [-2.819387755102042, 24.155120397365295, -54.88019544325666, 0.9767940827124448, -34.063713421876685, -42.92006910700788, -5.463693985530725, 19.03101824856927, -13.342867940827126, 12.633185401144583]}, "41": {"Right_hand": [200, 200, 160, 100, 200, 100, 288, 291, 282], "Left_hand": [200, 200, 151, 100, 200, 100, 294, 294, 297], "Robot": [-2.70795918367347, 24.203514199330527, -54.71595130115538, 0.8001689882302045, -34.128074721952274, -42.71116510096102, -5.416184537306991, 19.05263578447252, -13.318351689882304, 12.615891372421984]}, "1": {"Right_hand": [200, 200, 160, 100, 200, 100, 288, 291, 282], "Left_hand": [200, 200, 151, 100, 200, 100, 294, 294, 297], "Robot": [-25.312040816326533, 14.386485800669472, -88.03404869884461, 36.62983101176979, -21.07192527804773, -85.08883489903897, -15.053815462693008, 14.667364215527478, -18.291648310117694, 16.12410862757801]}, "0": {"Right_hand": [200, 200, 160, 100, 200, 100, 288, 291, 282], "Left_hand": [200, 200, 151, 100, 200, 100, 294, 294, 297], "Robot": [-25.35, 14.37, -88.09, 36.69, -21.05, -85.16, -15.069999999999993, 14.659999999999997, -18.299999999999997, 16.129999999999995]}, "3": {"Right_hand": [200, 200, 160, 100, 200, 100, 288, 291, 282], "Left_hand": [200, 200, 151, 100, 200, 100, 294, 294, 297], "Robot": [-25.01938775510204, 14.513586005830904, -87.60268221574344, 36.16594752186589, -21.240962099125365, -84.5401749271137, -14.92903790087463, 14.724139941690959, -18.227259475218656, 16.078688046647226]}, "2": {"Right_hand": [200, 200, 160, 100, 200, 100, 288, 291, 282], "Left_hand": [200, 200, 151, 100, 200, 100, 294, 294, 297], "Robot": [-25.20061224489796, 14.434879602634703, -87.86980455674333, 36.45320591728755, -21.136286578123315, -84.87993089299212, -15.006306014469272, 14.688981751430727, -18.267132059172873, 16.10681459885541]}, "5": {"Right_hand": [200, 200, 160, 100, 200, 100, 288, 291, 282], "Left_hand": [200, 200, 151, 100, 200, 100, 294, 294, 297], "Robot": [-24.462244897959184, 14.755555015657055, -86.78146150523702, 35.2828220494547, -21.562768599503293, -83.49565489687939, -14.69149065975596, 14.83222762120721, -18.104678220494545, 15.992217903034225]}, "4": {"Right_hand": [200, 200, 160, 100, 200, 100, 288, 291, 282], "Left_hand": [200, 200, 151, 100, 200, 100, 294, 294, 297], "Robot": [-24.77204081632653, 14.621009610193283, -87.23809631789224, 35.77387863081741, -21.38383003995249, -84.07645394665802, -14.823577367454911, 14.772126120289382, -18.172838786308173, 16.040299103768486]}, "7": {"Right_hand": [200, 200, 160, 100, 200, 100, 288, 291, 282], "Left_hand": [200, 200, 151, 100, 200, 100, 294, 294, 297], "Robot": [-23.67, 15.099629629629629, -85.6137037037037, 34.02703703703703, -22.020370370370372, -82.01037037037037, -14.353703703703697, 14.985925925925923, -17.93037037037037, 15.869259259259255]}, "6": {"Right_hand": [200, 200, 160, 100, 200, 100, 288, 291, 282], "Left_hand": [200, 200, 151, 100, 200, 100, 294, 294, 297], "Robot": [-24.093673469387756, 14.915626822157433, -86.23819241982508, 34.698600583090375, -21.775655976676386, -82.80466472303206, -14.534344023323609, 14.903731778425653, -18.0235860058309, 15.935014577259471]}, "9": {"Right_hand": [200, 200, 160, 100, 200, 100, 288, 291, 282], "Left_hand": [200, 200, 151, 100, 200, 100, 294, 294, 297], "Robot": [-22.672040816326533, 15.53304664723032, -84.14272594752187, 32.4451749271137, -22.59679300291545, -80.13941690962099, -13.928206997084542, 15.17953352769679, -17.710801749271134, 15.714373177842562]}, "8": {"Right_hand": [200, 200, 160, 100, 200, 100, 288, 291, 282], "Left_hand": [200, 200, 151, 100, 200, 100, 294, 294, 297], "Robot": [-23.194897959183674, 15.305968038008853, -84.9134099989202, 33.27395421660728, -22.29478997948386, -81.11965878414858, -14.151135946442064, 15.078097397689232, -17.825839542166072, 15.795522081848608]}, "13": {"Right_hand": [200, 200, 160, 100, 200, 100, 288, 291, 282], "Left_hand": [200, 200, 151, 100, 200, 100, 294, 294, 297],