{"text": "", "actors_NAME": ["r_shoulder_x", "r_arm_z", "r_forearm_z", "l_shoulder_x", "l_arm_z", "l_forearm_z", "r_shoulder_y", "r_elbow_y", "l_shoulder_y", "l_elbow_y"], "emotion_time": [], "emotion_name": "", "position": {"17": {"Right_hand": [109, 200, 100, 100, 200, 100, 100, 100, 100], "Left_hand": [288, 200, 100, 100, 200, 100, 100, 100, 100], "Robot": [4.436130728775362, 53.594928625093914, -99.5864162283997, 0.9658151765589775, -38.29, -98.32055597295266, -17.27234410217882, 8.876949661908338, -6.899444027047332, 22.32812922614576]}, "15": {"Right_hand": [109, 200, 100, 100, 200, 100, 100, 100, 100], "Left_hand": [288, 200, 100, 100, 200, 100, 100, 100, 100], "Robot": [4.350957926371154, 53.38577009767092, -97.46787753568745, 0.9377836213373392, -38.29, -98.28821187077385, -17.872866265965445, 11.342648384673176, -6.9317881292261445, 22.35939519158528]}, "14": {"Right_hand": [109, 200, 100, 100, 200, 100, 100, 100, 100], "Left_hand": [288, 200, 100, 100, 200, 100, 100, 100, 100], "Robot": [4.302584522915106, 53.26697971450037, -96.2646656649136, 0.9218632607062344, -38.29, -98.26984222389181, -18.213929376408718, 12.74302779864763, -6.950157776108188, 22.377152516904587]}, "11": {"Right_hand": [109, 200, 100, 100, 200, 100, 100, 100, 100], "Left_hand": [288, 200, 100, 100, 200, 100, 100, 100, 100], "Robot": [4.145000000000003, 52.879999999999995, -92.345, 0.8699999999999974, -38.29, -98.21000000000001, -19.325000000000003, 17.304999999999996, -7.009999999999998, 22.435000000000002]}, "10": {"Right_hand": [109, 200, 100, 100, 200, 100, 100, 100, 100], "Left_hand": [288, 200, 100, 100, 200, 100, 100, 100, 100], "Robot": [4.091284748309544, 52.748091660405706, -91.00891810668669, 0.852321562734783, -38.29, -98.18960180315553, -19.703726521412474, 18.860022539444024, -7.030398196844476, 22.454718256949665]}, "13": {"Right_hand": [109, 200, 100, 100, 200, 100, 100, 100, 100], "Left_hand": [288, 200, 100, 100, 200, 100, 100, 100, 100], "Robot": [4.251540195341852, 53.141630353117954, -94.99501878287002, 0.9050638617580749, -38.29, -98.25045830202855, -18.57382419233659, 14.220728775356868, -6.969541697971448, 22.39589030803907]}, "12": {"Right_hand": [109, 200, 100, 100, 200, 100, 100, 100, 100], "Left_hand": [288, 200, 100, 100, 200, 100, 100, 100, 100], "Robot": [4.198715251690462, 53.01190833959429, -93.68108189331329, 0.8876784372652119, -38.29, -98.23039819684448, -18.946273478587532, 15.74997746055597, -6.98960180315552, 22.41528174305034]}, "20": {"Right_hand": [109, 200, 100, 100, 200, 100, 100, 100, 100], "Left_hand": [288, 200, 100, 100, 200, 100, 100, 100, 100], "Robot": [4.521600300525926, 53.80481592787378, -101.7123365890308, 0.9939444027047332, -38.29, -98.35301277235162, -16.66972952667168, 6.40265965439519, -6.866987227648384, 22.29675432006011]}, "21": {"Right_hand": [109, 200, 100, 100, 200, 100, 100, 100, 100], "Left_hand": [288, 200, 100, 100, 200, 100, 100, 100, 100], "Robot": [4.535251690458308, 53.83833959429001, -102.05189331329828, 0.9984372652141247, -38.29, -98.35819684447783, -16.57347858752818, 6.007460555972948, -6.861803155522163, 22.2917430503381]}, "22": {"Right_hand": [109, 200, 100, 100, 200, 100, 100, 100, 100], "Left_hand": [288, 200, 100, 100, 200, 100, 100, 100, 100], "Robot": [4.540000000000006, 53.85, -102.17, 1.0, -38.29, -98.36, -16.540000000000006, 5.869999999999997, -6.859999999999999, 22.290000000000006]}, "16": {"Right_hand": [109, 200, 100, 100, 200, 100, 100, 100, 100], "Left_hand": [288, 200, 100, 100, 200, 100, 100, 100, 100], "Robot": [4.395770097670929, 53.49581517655898, -98.58250939143501, 0.9525319308790374, -38.29, -98.30522915101427, -17.5569120961683, 10.045364387678433, -6.914770848985724, 22.34294515401954]}, "19": {"Right_hand": [109, 200, 100, 100, 200, 100, 100, 100, 100], "Left_hand": [288, 200, 100, 100, 200, 100, 100, 100, 100], "Robot": [4.499936138241929, 53.75161532682194, -101.17347483095418, 0.9868144252441771, -38.29, -98.34478587528174, -16.822475582268975, 7.029823441021783, -6.875214124718256, 22.304706987227654]}, "18": {"Right_hand": [109, 200, 100, 100, 200, 100, 100, 100, 100], "Left_hand": [288, 200, 100, 100, 200, 100, 100, 100, 100], "Robot": [4.471149511645385, 53.68092411720511, -100.45745304282495, 0.977340345604808, -38.29, -98.33385424492863, -17.02543951915853, 7.863178061607808, -6.886145755071374, 22.315274229902336]}, "1": {"Right_hand": [109, 200, 100, 100, 200, 100, 100, 100, 100], "Left_hand": [288, 200, 100, 100, 200, 100, 100, 100, 100], "Robot": [3.754748309541698, 51.921660405709986, -82.63810668670172, 0.7415627347858702, -38.29, -98.06180315552217, -22.076521412471823, 28.60253944402704, -7.158196844477833, 22.578256949661906]}, "0": {"Right_hand": [109, 200, 100, 100, 200, 100, 100, 100, 100], "Left_hand": [288, 200, 100, 100, 200, 100, 100, 100, 100], "Robot": [3.75, 51.91, -82.52, 0.7399999999999949, -38.29, -98.06, -22.11, 28.739999999999995, -7.159999999999997, 22.58]}, "3": {"Right_hand": [109, 200, 100, 100, 200, 100, 100, 100, 100], "Left_hand": [288, 200, 100, 100, 200, 100, 100, 100, 100], "Robot": [3.790063861758077, 52.00838467317806, -83.51652516904582, 0.7531855747558178, -38.29, -98.07521412471826, -21.82752441773103, 27.580176558978206, -7.14478587528174, 22.56529301277235]}, "2": {"Right_hand": [109, 200, 100, 100, 200, 100, 100, 100, 100], "Left_hand": [288, 200, 100, 100, 200, 100, 100, 100, 100], "Robot": [3.7683996994740796, 51.955184072126215, -82.97766341096919, 0.7460555972952617, -38.29, -98.06698722764838, -21.980270473328325, 28.207340345604802, -7.153012772351612, 22.573245679939895]}, "5": {"Right_hand": [109, 200, 100, 100, 200, 100, 100, 100, 100], "Left_hand": [288, 200, 100, 100, 200, 100, 100, 100, 100], "Robot": [3.853869271224644, 52.165071374906084, -85.1035837716003, 0.7741848234410174, -38.29, -98.09944402704734, -21.37765589782119, 25.733050338091655, -7.120555972952664, 22.541870773854246]}, "4": {"Right_hand": [109, 200, 100, 100, 200, 100, 100, 100, 100], "Left_hand": [288, 200, 100, 100, 200, 100, 100, 100, 100], "Robot": [3.818850488354621, 52.07907588279489, -84.23254695717505, 0.7626596543951869, -38.29, -98.08614575507137, -21.624560480841474, 26.74682193839218, -7.133854244928622, 22.55472577009767]}, "7": {"Right_hand": [109, 200, 100, 100, 200, 100, 100, 100, 100], "Left_hand": [288, 200, 100, 100, 200, 100, 100, 100, 100], "Robot": [3.939042073628852, 52.37422990232908, -87.22212246431255, 0.8022163786626557, -38.29, -98.13178812922615, -20.77713373403456, 23.267351615326817, -7.0882118707738515, 22.510604808414726]}, "6": {"Right_hand": [109, 200, 100, 100, 200, 100, 100, 100, 100], "Left_hand": [288, 200, 100, 100, 200, 100, 100, 100, 100], "Robot": [3.894229902329077, 52.26418482344102, -86.10749060856499, 0.7874680691209575, -38.29, -98.11477084898573, -21.093087903831705, 24.56463561232156, -7.105229151014272, 22.527054845980466]}, "9": {"Right_hand": [109, 200, 100, 100, 200, 100, 100, 100, 100], "Left_hand": [288, 200, 100, 100, 200, 100, 100, 100, 100], "Robot": [4.038459804658154, 52.618369646882044, -89.69498121712998, 0.8349361382419201, -38.29, -98.16954169797145, -20.07617580766341, 20.38927122464312, -7.050458302028548, 22.474109691960933]}, "8": {"Right_hand": [109, 200, 100, 100, 200, 100, 100, 100, 100], "Left_hand": [288, 200, 100, 100, 200, 100, 100, 100, 100], "Robot": [3.9874154770849004, 52.493020285499625, -88.4253343350864, 0.8181367392937605, -38.29, -98.15015777610819, -20.436070623591288, 21.86697220135236, -7.069842223891808, 22.492847483095417]}}, "freq": 46.0, "frame_number": 23, "speak": ""}