{"text": "", "actors_NAME": ["r_shoulder_x", "r_arm_z", "r_forearm_z", "r_shoulder_y", "r_elbow_y"], "emotion_time": [], "emotion_name": "", "position": {"1": {"Right_hand": [200, 200, 235, 297, 180, 100, 100, 100, 100], "Left_hand": [200, 200, 100, 100, 200, 100, 100, 100, 100], "Robot": [-27.515626822157433, 76.42064139941691, -76.34393586005831, -57.04020408163265, 46.752653061224485]}, "0": {"Right_hand": [200, 200, 235, 297, 180, 100, 100, 100, 100], "Left_hand": [200, 200, 100, 100, 200, 100, 100, 100, 100], "Robot": [-27.729999999999997, 76.26, -76.36, -57.3, 46.33]}, "3": {"Right_hand": [200, 200, 235, 297, 180, 100, 100, 100, 100], "Left_hand": [200, 200, 100, 100, 200, 100, 100, 100, 100], "Robot": [-26.206822157434402, 77.40139941690963, -76.24586005830903, -55.45408163265306, 49.33306122448979]}, "2": {"Right_hand": [200, 200, 235, 297, 180, 100, 100, 100, 100], "Left_hand": [200, 200, 100, 100, 200, 100, 100, 100, 100], "Robot": [-26.96276967930029, 76.83492711370263, -76.30250728862974, -56.37020408163265, 47.84265306122449]}, "5": {"Right_hand": [200, 200, 235, 297, 180, 100, 100, 100, 100], "Left_hand": [200, 200, 100, 100, 200, 100, 100, 100, 100], "Robot": [-24.62723032069971, 78.58507288629737, -76.12749271137025, -53.539795918367346, 52.4473469387755]}, "4": {"Right_hand": [200, 200, 235, 297, 180, 100, 100, 100, 100], "Left_hand": [200, 200, 100, 100, 200, 100, 100, 100, 100], "Robot": [-25.383177842565598, 78.01860058309038, -76.18413994169096, -54.45591836734694, 50.956938775510196]}, "7": {"Right_hand": [200, 200, 235, 297, 180, 100, 100, 100, 100], "Left_hand": [200, 200, 100, 100, 200, 100, 100, 100, 100], "Robot": [-23.86, 79.16, -76.07, -52.61, 53.959999999999994]}, "6": {"Right_hand": [200, 200, 235, 297, 180, 100, 100, 100, 100], "Left_hand": [200, 200, 100, 100, 200, 100, 100, 100, 100], "Robot": [-24.074373177842563, 78.9993586005831, -76.08606413994168, -52.869795918367345, 53.53734693877551]}}, "freq": 16.0, "frame_number": 8, "speak": ""}