{"text": "", "actors_NAME": ["r_shoulder_x", "r_arm_z", "r_forearm_z", "l_shoulder_x", "l_arm_z", "l_forearm_z", "r_shoulder_y", "r_elbow_y", "l_shoulder_y", "l_elbow_y"], "emotion_time": [], "emotion_name": "", "position": {"11": {"Right_hand": [203, 200, 174, 100, 200, 124, 274, 265, 279], "Left_hand": [229, 179, 100, 100, 200, 100, 100, 100, 100], "Robot": [3.480000000000004, 5.67, -87.51, 2.049999999999997, -82.07, -52.32, -44.11, 44.870000000000005, -45.57, 8.5]}, "10": {"Right_hand": [203, 200, 174, 100, 200, 124, 274, 265, 279], "Left_hand": [229, 179, 100, 100, 200, 100, 100, 100, 100], "Robot": [3.482096168294519, 5.403786626596544, -87.72171299774607, 2.049999999999997, -82.06790383170548, -52.32, -44.1167543200601, 44.842749812171306, -45.57, 8.5]}, "1": {"Right_hand": [203, 200, 174, 100, 200, 124, 274, 265, 279], "Left_hand": [229, 179, 100, 100, 200, 100, 100, 100, 100], "Robot": [3.567903831705478, -5.493786626596544, -96.38828700225393, 2.049999999999997, -81.98209616829452, -52.32, -44.393245679939895, 43.7272501878287, -45.57, 8.5]}, "0": {"Right_hand": [203, 200, 174, 100, 200, 124, 274, 265, 279], "Left_hand": [229, 179, 100, 100, 200, 100, 100, 100, 100], "Robot": [3.569999999999993, -5.76, -96.6, 2.049999999999997, -81.98, -52.32, -44.4, 43.7, -45.57, 8.5]}, "3": {"Right_hand": [203, 200, 174, 100, 200, 124, 274, 265, 279], "Left_hand": [229, 179, 100, 100, 200, 100, 100, 100, 100], "Robot": [3.5535687453042777, -3.673230653643877, -94.94044327573253, 2.049999999999997, -81.99643125469572, -52.32, -44.347054845980466, 43.91360631104433, -45.57, 8.5]}, "2": {"Right_hand": [203, 200, 174, 100, 200, 124, 274, 265, 279], "Left_hand": [229, 179, 100, 100, 200, 100, 100, 100, 100], "Robot": [3.5621562734785814, -4.763846731780616, -95.80778362133734, 2.049999999999997, -81.98784372652142, -52.32, -44.37472577009767, 43.80196844477837, -45.57, 8.5]}, "5": {"Right_hand": [203, 200, 174, 100, 200, 124, 274, 265, 279], "Left_hand": [229, 179, 100, 100, 200, 100, 100, 100, 100], "Robot": [3.531119459053341, -0.822171299774606, -92.67306536438768, 2.049999999999997, -82.01888054094665, -52.32, -44.27471825694966, 44.20544703230654, -45.57, 8.5]}, "4": {"Right_hand": [203, 200, 174, 100, 200, 124, 274, 265, 279], "Left_hand": [229, 179, 100, 100, 200, 100, 100, 100, 100], "Robot": [3.5429526671675395, -2.324988730277987, -93.86821938392185, 2.049999999999997, -82.00704733283246, -52.32, -44.31284748309542, 44.05161532682194, -45.57, 8.5]}, "7": {"Right_hand": [203, 200, 174, 100, 200, 124, 274, 265, 279], "Left_hand": [229, 179, 100, 100, 200, 100, 100, 100, 100], "Robot": [3.5070473328324576, 2.234988730277987, -90.24178061607813, 2.049999999999997, -82.04295266716754, -52.32, -44.19715251690458, 44.51838467317807, -45.57, 8.5]}, "6": {"Right_hand": [203, 200, 174, 100, 200, 124, 274, 265, 279], "Left_hand": [229, 179, 100, 100, 200, 100, 100, 100, 100], "Robot": [3.518880540946656, 0.7321712997746053, -91.43693463561232, 2.049999999999997, -82.03111945905334, -52.32, -44.235281743050336, 44.36455296769347, -45.57, 8.5]}, "9": {"Right_hand": [203, 200, 174, 100, 200, 124, 274, 265, 279], "Left_hand": [229, 179, 100, 100, 200, 100, 100, 100, 100], "Robot": [3.4878437265214153, 4.673846731780618, -88.30221637866266, 2.049999999999997, -82.06215627347858, -52.32, -44.13527422990233, 44.76803155522164, -45.57, 8.5]}, "8": {"Right_hand": [203, 200, 174, 100, 200, 124, 274, 265, 279], "Left_hand": [229, 179, 100, 100, 200, 100, 100, 100, 100], "Robot": [3.4964312546957195, 3.583230653643877, -89.16955672426747, 2.049999999999997, -82.05356874530428, -52.32, -44.16294515401953, 44.656393688955674, -45.57, 8.5]}}, "freq": 24.0, "frame_number": 12, "speak": ""}