{"text": "", "actors_NAME": ["r_shoulder_x", "r_arm_z", "r_forearm_z", "l_shoulder_x", "l_arm_z", "l_forearm_z", "r_shoulder_y", "r_elbow_y", "l_shoulder_y", "l_elbow_y"], "emotion_time": [], "emotion_name": "", "position": {"11": {"Right_hand": [205, 168, 161, 237, 246, 100, 280, 280, 280], "Left_hand": [200, 200, 100, 100, 200, 100, 100, 100, 100], "Robot": [4.289466394518151, 47.63988482286047, -138.37824755795305, 1.2600000000000051, -1.2949642805073627, -0.4099999999999966, -39.56101035136317, 34.27165184429218, -1.1790567138066812, -1.759999999999998]}, "10": {"Right_hand": [205, 168, 161, 237, 246, 100, 280, 280, 280], "Left_hand": [200, 200, 100, 100, 200, 100, 100, 100, 100], "Robot": [4.309746318705351, 48.57978130922875, -137.50933080623997, 1.2600000000000051, -1.2817043300772708, -0.4099999999999966, -39.17179180638577, 35.75832628663071, -1.1564367983671122, -1.759999999999998]}, "13": {"Right_hand": [205, 168, 161, 237, 246, 100, 280, 280, 280], "Left_hand": [200, 200, 100, 100, 200, 100, 100, 100, 100], "Robot": [4.251408368566845, 45.876041697040385, -140.00888759294358, 1.2600000000000051, -1.3198483743986005, -0.4099999999999966, -40.291431695582446, 31.481705788015752, -1.221506050444676, -1.759999999999998]}, "12": {"Right_hand": [205, 168, 161, 237, 246, 100, 280, 280, 280], "Left_hand": [200, 200, 100, 100, 200, 100, 100, 100, 100], "Robot": [4.269868785537249, 46.731611022014874, -139.2179297273655, 1.2600000000000051, -1.3077781017641057, -0.4099999999999966, -39.937133692958156, 32.83499635515382, -1.200915585362302, -1.759999999999998]}, "15": {"Right_hand": [205, 168, 161, 237, 246, 100, 280, 280, 280], "Left_hand": [200, 200, 100, 100, 200, 100, 100, 100, 100], "Robot": [4.2197186178743245, 44.40734363609856, -141.36667152646157, 1.2600000000000051, -1.3405685960052487, -0.4099999999999966, -40.89963114156583, 29.158603294940956, -1.2568523108324885, -1.759999999999998]}, "14": {"Right_hand": [205, 168, 161, 237, 246, 100, 280, 280, 280], "Left_hand": [200, 200, 100, 100, 200, 100, 100, 100, 100], "Robot": [4.234540020411138, 45.09425863828547, -140.7316314331535, 1.2600000000000051, -1.3308776789619479, -0.4099999999999966, -40.61517422364776, 30.245126111678093, -1.2403207464645043, -1.759999999999998]}, "17": {"Right_hand": [205, 168, 161, 237, 246, 100, 280, 280, 280], "Left_hand": [200, 200, 100, 100, 200, 100, 100, 100, 100], "Robot": [4.198036156874178, 43.40244496282257, -142.29568158623704, 1.2600000000000051, -1.3547455897361131, -0.4099999999999966, -41.31576760460708, 27.56911211546873, -1.2810365942557285, -1.759999999999998]}, "16": {"Right_hand": [205, 168, 161, 237, 246, 100, 280, 280, 280], "Left_hand": [200, 200, 100, 100, 200, 100, 100, 100, 100], "Robot": [4.207399037760605, 43.83637848082811, -141.894518151334, 1.2600000000000051, -1.3486237060796036, -0.4099999999999966, -41.13607231374836, 28.255483306604468, -1.2705933809593293, -1.759999999999998]}, "19": {"Right_hand": [205, 168, 161, 237, 246, 100, 280, 280, 280], "Left_hand": [200, 200, 100, 100, 200, 100, 100, 100, 100], "Robot": [4.189999999999998, 43.03, -142.64, 1.2600000000000051, -1.36, -0.4099999999999966, -41.47, 26.980000000000004, -1.2900000000000063, -1.759999999999998]}, "18": {"Right_hand": [205, 168, 161, 237, 246, 100, 280, 280, 280], "Left_hand": [200, 200, 100, 100, 200, 100, 100, 100, 100], "Robot": [4.192084852019242, 43.126624872430384, -142.55067210963696, 1.2600000000000051, -1.3586368275258784, -0.4099999999999966, -41.42998687855372, 27.132835690333874, -1.287674588132387, -1.759999999999998]}, "1": {"Right_hand": [205, 168, 161, 237, 246, 100, 280, 280, 280], "Left_hand": [200, 200, 100, 100, 200, 100, 100, 100, 100], "Robot": [4.447915147980758, 54.983375127569616, -131.58932789036302, 1.2600000000000051, -1.1913631724741216, -0.4099999999999966, -36.52001312144627, 45.88716430966614, -1.0023254118676193, -1.759999999999998]}, "0": {"Right_hand": [205, 168, 161, 237, 246, 100, 280, 280, 280], "Left_hand": [200, 200, 100, 100, 200, 100, 100, 100, 100], "Robot": [4.450000000000003, 55.08, -131.5, 1.2600000000000051, -1.19, -0.4099999999999966, -36.48, 46.040000000000006, -1.0, -1.759999999999998]}, "3": {"Right_hand": [205, 168, 161, 237, 246, 100, 280, 280, 280], "Left_hand": [200, 200, 100, 100, 200, 100, 100, 100, 100], "Robot": [4.432600962239396, 54.27362151917189, -132.24548184866597, 1.2600000000000051, -1.2013762939203965, -0.4099999999999966, -36.81392768625164, 44.76451669339554, -1.019406619040677, -1.759999999999998]}, "2": {"Right_hand": [205, 168, 161, 237, 246, 100, 280, 280, 280], "Left_hand": [200, 200, 100, 100, 200, 100, 100, 100, 100], "Robot": [4.441963843125823, 54.70755503717743, -131.84431841376295, 1.2600000000000051, -1.195254410263887, -0.4099999999999966, -36.634232395392914, 45.45088788453128, -1.0089634057442778, -1.759999999999998]}, "5": {"Right_hand": [205, 168, 161, 237, 246, 100, 280, 280, 280], "Left_hand": [200, 200, 100, 100, 200, 100, 100, 100, 100], "Robot": [4.405459979588863, 53.01574136171453, -133.40836856684646, 1.2600000000000051, -1.2191223210380522, -0.4099999999999966, -37.33482577635223, 42.77487388832192, -1.049679253535502, -1.759999999999998]}, "4": {"Right_hand": [205, 168, 161, 237, 246, 100, 280, 280, 280], "Left_hand": [200, 200, 100, 100, 200, 100, 100, 100, 100], "Robot": [4.420281382125676, 53.70265636390144, -132.7733284735384, 1.2600000000000051, -1.2094314039947514, -0.4099999999999966, -37.05036885843417, 43.86139670505905, -1.0331476891675178, -1.759999999999998]}, "7": {"Right_hand": [205, 168, 161, 237, 246, 100, 280, 280, 280], "Left_hand": [200, 200, 100, 100, 200, 100, 100, 100, 100], "Robot": [4.370131214462751, 51.378388977985125, -134.9220702726345, 1.2600000000000051, -1.2422218982358944, -0.4099999999999966, -38.01286630704184, 40.18500364484619, -1.0890844146377041, -1.759999999999998]}, "6": {"Right_hand": [205, 168, 161, 237, 246, 100, 280, 280, 280], "Left_hand": [200, 200, 100, 100, 200, 100, 100, 100, 100], "Robot": [4.3885916314331554, 52.233958302959614, -134.1311124070564, 1.2600000000000051, -1.2301516256013996, -0.4099999999999966, -37.65856830441755, 41.53829421198426, -1.0684939495553303, -1.759999999999998]}, "9": {"Right_hand": [205, 168, 161, 237, 246, 100, 280, 280, 280], "Left_hand": [200, 200, 100, 100, 200, 100, 100, 100, 100], "Robot": [4.33025368129465, 49.53021869077125, -136.63066919376, 1.2600000000000051, -1.2682956699227292, -0.4099999999999966, -38.778208193614226, 37.261673713369305, -1.133563201632894, -1.759999999999998]}, "8": {"Right_hand": [205, 168, 161, 237, 246, 100, 280, 280, 280], "Left_hand": [200, 200, 100, 100, 200, 100, 100, 100, 100], "Robot": [4.35053360548185, 50.470115177139526, -135.76175244204694, 1.2600000000000051, -1.2550357194926374, -0.4099999999999966, -38.38898964863682, 38.74834815570784, -1.110943286193325, -1.759999999999998]}}, "freq": 20.0, "frame_number": 20, "speak": ""}