{"text": "", "actors_NAME": ["r_shoulder_x", "r_arm_z", "r_forearm_z", "r_shoulder_y", "r_elbow_y"], "emotion_time": [], "emotion_name": "", "position": {"56": {"Right_hand": [121, 156, 174, 226, 200, 185, 250, 271, 262], "Left_hand": [200, 200, 100, 100, 200, 100, 100, 100, 100], "Robot": [3.75, 53.76, -118.3, -61.7, 31.96666666666667]}, "54": {"Right_hand": [121, 156, 174, 226, 200, 185, 250, 271, 262], "Left_hand": [200, 200, 100, 100, 200, 100, 100, 100, 100], "Robot": [3.75, 53.76, -118.3, -61.7, 34.98917333333333]}, "42": {"Right_hand": [121, 156, 174, 226, 200, 185, 250, 271, 262], "Left_hand": [200, 200, 100, 100, 200, 100, 100, 100, 100], "Robot": [3.739373177842565, 53.76, -118.3, -61.7, 41.96782798833819]}, "48": {"Right_hand": [121, 156, 174, 226, 200, 185, 250, 271, 262], "Left_hand": [200, 200, 100, 100, 200, 100, 100, 100, 100], "Robot": [3.75, 53.76, -118.3, -61.7, 42.93029333333334]}, "43": {"Right_hand": [121, 156, 174, 226, 200, 185, 250, 271, 262], "Left_hand": [200, 200, 100, 100, 200, 100, 100, 100, 100], "Robot": [3.745014577259475, 53.76, -118.3, -61.7, 42.88737609329446]}, "60": {"Right_hand": [121, 156, 174, 226, 200, 185, 250, 271, 262], "Left_hand": [200, 200, 100, 100, 200, 100, 100, 100, 100], "Robot": [3.75, 53.76, -118.3, -61.7, 28.061813333333333]}, "61": {"Right_hand": [121, 156, 174, 226, 200, 185, 250, 271, 262], "Left_hand": [200, 200, 100, 100, 200, 100, 100, 100, 100], "Robot": [3.75, 53.76, -118.3, -61.7, 27.86]}, "49": {"Right_hand": [121, 156, 174, 226, 200, 185, 250, 271, 262], "Left_hand": [200, 200, 100, 100, 200, 100, 100, 100, 100], "Robot": [3.75, 53.76, -118.3, -61.7, 42.052640000000004]}, "52": {"Right_hand": [121, 156, 174, 226, 200, 185, 250, 271, 262], "Left_hand": [200, 200, 100, 100, 200, 100, 100, 100, 100], "Robot": [3.75, 53.76, -118.3, -61.7, 38.12432]}, "53": {"Right_hand": [121, 156, 174, 226, 200, 185, 250, 271, 262], "Left_hand": [200, 200, 100, 100, 200, 100, 100, 100, 100], "Robot": [3.75, 53.76, -118.3, -61.7, 36.57082666666667]}, "24": {"Right_hand": [121, 156, 174, 226, 200, 185, 250, 271, 262], "Left_hand": [200, 200, 100, 100, 200, 100, 100, 100, 100], "Robot": [3.6954227405247795, 53.72457725947522, -118.3, -61.7, 34.80390670553936]}, "25": {"Right_hand": [121, 156, 174, 226, 200, 185, 250, 271, 262], "Left_hand": [200, 200, 100, 100, 200, 100, 100, 100, 100], "Robot": [3.686239067055391, 53.733760932944605, -118.3, -61.7, 33.30696793002916]}, "26": {"Right_hand": [121, 156, 174, 226, 200, 185, 250, 271, 262], "Left_hand": [200, 200, 100, 100, 200, 100, 100, 100, 100], "Robot": [3.6778425655976648, 53.74215743440233, -118.3, -61.7, 31.938338192419828]}, "27": {"Right_hand": [121, 156, 174, 226, 200, 185, 250, 271, 262], "Left_hand": [200, 200, 100, 100, 200, 100, 100, 100, 100], "Robot": [3.6706268221574314, 53.749373177842564, -118.3, -61.7, 30.76217201166181]}, "20": {"Right_hand": [121, 156, 174, 226, 200, 185, 250, 271, 262], "Left_hand": [200, 200, 100, 100, 200, 100, 100, 100, 100], "Robot": [3.732157434402332, 53.68784256559767, -118.3, -61.7, 40.79166180758018]}, "21": {"Right_hand": [121, 156, 174, 226, 200, 185, 250, 271, 262], "Left_hand": [200, 200, 100, 100, 200, 100, 100, 100, 100], "Robot": [3.7237609329446055, 53.696239067055394, -118.3, -61.7, 39.423032069970844]}, "22": {"Right_hand": [121, 156, 174, 226, 200, 185, 250, 271, 262], "Left_hand": [200, 200, 100, 100, 200, 100, 100, 100, 100], "Robot": [3.714577259475217, 53.70542274052478, -118.3, -61.7, 37.92609329446064]}, "23": {"Right_hand": [121, 156, 174, 226, 200, 185, 250, 271, 262], "Left_hand": [200, 200, 100, 100, 200, 100, 100, 100, 100], "Robot": [3.7049999999999983, 53.715, -118.3, -61.7, 36.365]}, "46": {"Right_hand": [121, 156, 174, 226, 200, 185, 250, 271, 262], "Left_hand": [200, 200, 100, 100, 200, 100, 100, 100, 100], "Robot": [3.75, 53.76, -118.3, -61.7, 43.7]}, "47": {"Right_hand": [121, 156, 174, 226, 200, 185, 250, 271, 262], "Left_hand": [200, 200, 100, 100, 200, 100, 100, 100, 100], "Robot": [3.75, 53.76, -118.3, -61.7, 43.49818666666667]}, "44": {"Right_hand": [121, 156, 174, 226, 200, 185, 250, 271, 262], "Left_hand": [200, 200, 100, 100, 200, 100, 100, 100, 100], "Robot": [3.74868804664723, 53.76, -118.3, -61.7, 43.48615160349854]}, "45": {"Right_hand": [121, 156, 174, 226, 200, 185, 250, 271, 262], "Left_hand": [200, 200, 100, 100, 200, 100, 100, 100, 100], "Robot": [3.75, 53.76, -118.3, -61.7, 43.7]}, "28": {"Right_hand": [121, 156, 174, 226, 200, 185, 250, 271, 262], "Left_hand": [200, 200, 100, 100, 200, 100, 100, 100, 100], "Robot": [3.6649854227405214, 53.75501457725947, -118.3, -61.7, 29.84262390670554]}, "29": {"Right_hand": [121, 156, 174, 226, 200, 185, 250, 271, 262], "Left_hand": [200, 200, 100, 100, 200, 100, 100, 100, 100], "Robot": [3.6613119533527665, 53.75868804664723, -118.3, -61.7, 29.24384839650146]}, "40": {"Right_hand": [121, 156, 174, 226, 200, 185, 250, 271, 262], "Left_hand": [200, 200, 100, 100, 200, 100, 100, 100, 100], "Robot": [3.7237609329446055, 53.76, -118.3, -61.7, 39.423032069970844]}, "41": {"Right_hand": [121, 156, 174, 226, 200, 185, 250, 271, 262], "Left_hand": [200, 200, 100, 100, 200, 100, 100, 100, 100], "Robot": [3.732157434402332, 53.76, -118.3, -61.7, 40.79166180758018]}, "1": {"Right_hand": [121, 156, 174, 226, 200, 185, 250, 271, 262], "Left_hand": [200, 200, 100, 100, 200, 100, 100, 100, 100], "Robot": [3.75, 53.58114666666666, -118.3, -61.7, 28.348118518518525]}, "0": {"Right_hand": [121, 156, 174, 226, 200, 185, 250, 271, 262], "Left_hand": [200, 200, 100, 100, 200, 100, 100, 100, 100], "Robot": [3.75, 53.58, -118.3, -61.7, 28.150000000000006]}, "3": {"Right_hand": [121, 156, 174, 226, 200, 185, 250, 271, 262], "Left_hand": [200, 200, 100, 100, 200, 100, 100, 100, 100], "Robot": [3.75, 53.58936, -118.3, -61.7, 29.767200000000006]}, "2": {"Right_hand": [121, 156, 174, 226, 200, 185, 250, 271, 262], "Left_hand": [200, 200, 100, 100, 200, 100, 100, 100, 100], "Robot": [3.75, 53.58437333333333, -118.3, -61.7, 28.90561481481482]}, "5": {"Right_hand": [121, 156, 174, 226, 200, 185, 250, 271, 262], "Left_hand": [200, 200, 100, 100, 200, 100, 100, 100, 100], "Robot": [3.75, 53.60333333333333, -118.3, -61.7, 32.181481481481484]}, "4": {"Right_hand": [121, 156, 174, 226, 200, 185, 250, 271, 262], "Left_hand": [200, 200, 100, 100, 200, 100, 100, 100, 100], "Robot": [3.75, 53.59578666666667, -118.3, -61.7, 30.87758518518519]}, "7": {"Right_hand": [121, 156, 174, 226, 200, 185, 250, 271, 262], "Left_hand": [200, 200, 100, 100, 200, 100, 100, 100, 100], "Robot": [3.75, 53.620506666666664, -118.3, -61.7, 35.14865185185185]}, "6": {"Right_hand": [121, 156, 174, 226, 200, 185, 250, 271, 262], "Left_hand": [200, 200, 100, 100, 200, 100, 100, 100, 100], "Robot": [3.75, 53.61168, -118.3, -61.7, 33.6236]}, "9": {"Right_hand": [121, 156, 174, 226, 200, 185, 250, 271, 262], "Left_hand": [200, 200, 100, 100, 200, 100, 100, 100, 100], "Robot": [3.75, 53.63832, -118.3, -61.7, 38.226400000000005]}, "8": {"Right_hand": [121, 156, 174, 226, 200, 185, 250, 271, 262], "Left_hand": [200, 200, 100, 100, 200, 100, 100, 100, 100], "Robot": [3.75, 53.629493333333336, -118.3, -61.7, 36.701348148148156]}, "51": {"Right_hand": [121, 156, 174, 226, 200, 185, 250, 271, 262], "Left_hand": [200, 200, 100, 100, 200, 100, 100, 100, 100], "Robot": [3.75, 53.76, -118.3, -61.7, 39.593333333333334]}, "39": {"Right_hand": [121, 156, 174, 226, 200, 185, 250, 271, 262], "Left_hand": [200, 200, 100, 100, 200, 100, 100, 100, 100], "Robot": [3.714577259475217, 53.76, -118.3, -61.7, 37.92609329446064]}, "38": {"Right_hand": [121, 156, 174, 226, 200, 185, 250, 271, 262], "Left_hand": [200, 200, 100, 100, 200, 100, 100, 100, 100], "Robot": [3.7049999999999983, 53.76, -118.3, -61.7, 36.365]}, "59": {"Right_hand": [121, 156, 174, 226, 200, 185, 250, 271, 262], "Left_hand": [200, 200, 100, 100, 200, 100, 100, 100, 100], "Robot": [3.75, 53.76, -118.3, -61.7, 28.629706666666664]},