{"text": "", "actors_NAME": ["r_shoulder_x", "r_arm_z", "r_forearm_z", "r_shoulder_y", "r_elbow_y"], "emotion_time": [], "emotion_name": "", "position": {"28": {"Right_hand": [179, 200, 100, 300, 200, 100, 100, 100, 100], "Left_hand": [200, 200, 100, 100, 200, 100, 100, 100, 100], "Robot": [2.2276674611654435, 32.69873017177611, -96.01499958905235, -54.161728445796, 41.832755814909184]}, "29": {"Right_hand": [179, 200, 100, 300, 200, 100, 100, 100, 100], "Left_hand": [200, 200, 100, 100, 200, 100, 100, 100, 100], "Robot": [2.2061502424591066, 32.65538834552478, -95.51026711596943, -52.746510232596364, 41.86872030903263]}, "24": {"Right_hand": [179, 200, 100, 300, 200, 100, 100, 100, 100], "Left_hand": [200, 200, 100, 100, 200, 100, 100, 100, 100], "Robot": [2.317188296211059, 32.879050710939424, -98.11490260540808, -60.049641653653325, 41.6831281334758]}, "25": {"Right_hand": [179, 200, 100, 300, 200, 100, 100, 100, 100], "Left_hand": [200, 200, 100, 100, 200, 100, 100, 100, 100], "Robot": [2.2944628914276284, 32.833275252732804, -97.58182953891674, -58.554959316183115, 41.72111202432811]}, "26": {"Right_hand": [179, 200, 100, 300, 200, 100, 100, 100, 100], "Left_hand": [200, 200, 100, 100, 200, 100, 100, 100, 100], "Robot": [2.271910084655211, 32.787847456234076, -97.05280512862662, -57.071628996465854, 41.75880742993343]}, "27": {"Right_hand": [179, 200, 100, 300, 200, 100, 100, 100, 100], "Left_hand": [200, 200, 100, 100, 200, 100, 100, 100, 100], "Robot": [2.2496161748993138, 32.7429411522972, -96.52985370263828, -55.60532670337798, 41.796070107668285]}, "20": {"Right_hand": [179, 200, 100, 300, 200, 100, 100, 100, 100], "Left_hand": [200, 200, 100, 100, 200, 100, 100, 100, 100], "Robot": [2.4080899153447817, 33.062152543765926, -100.24719487137338, -66.02837100353415, 41.53119257006658]}, "21": {"Right_hand": [179, 200, 100, 300, 200, 100, 100, 100, 100], "Left_hand": [200, 200, 100, 100, 200, 100, 100, 100, 100], "Robot": [2.3855371085723647, 33.0167247472672, -99.71817046108326, -64.54504068381688, 41.5688879756719]}, "22": {"Right_hand": [179, 200, 100, 300, 200, 100, 100, 100, 100], "Left_hand": [200, 200, 100, 100, 200, 100, 100, 100, 100], "Robot": [2.3628117037889336, 32.97094928906058, -99.18509739459192, -63.05035834634667, 41.60687186652421]}, "23": {"Right_hand": [179, 200, 100, 300, 200, 100, 100, 100, 100], "Left_hand": [200, 200, 100, 100, 200, 100, 100, 100, 100], "Robot": [2.3399999999999963, 32.925, -98.65, -61.55, 41.645]}, "46": {"Right_hand": [179, 200, 100, 300, 200, 100, 100, 100, 100], "Left_hand": [200, 200, 100, 100, 200, 100, 100, 100, 100], "Robot": [1.9899999999999949, 32.22, -90.44, -38.53, 42.230000000000004]}, "44": {"Right_hand": [179, 200, 100, 300, 200, 100, 100, 100, 100], "Left_hand": [200, 200, 100, 100, 200, 100, 100, 100, 100], "Robot": [1.9938546889126274, 32.22776444480973, -90.53041998849346, -38.78352839648229, 42.223557162817464]}, "45": {"Right_hand": [179, 200, 100, 300, 200, 100, 100, 100, 100], "Left_hand": [200, 200, 100, 100, 200, 100, 100, 100, 100], "Robot": [1.9909780553957375, 32.22197008301142, -90.46294238514014, -38.59432810059999, 42.22836525026712]}, "42": {"Right_hand": [179, 200, 100, 300, 200, 100, 100, 100, 100], "Left_hand": [200, 200, 100, 100, 200, 100, 100, 100, 100], "Robot": [2.004958494287823, 32.250130681351195, -90.79088353743734, -39.51384153858799, 42.20499794526178]}, "43": {"Right_hand": [179, 200, 100, 300, 200, 100, 100, 100, 100], "Left_hand": [200, 200, 100, 100, 200, 100, 100, 100, 100], "Robot": [1.998543601545158, 32.23720925454097, -90.6404084819594, -39.09192487877044, 42.215719980274514]}, "40": {"Right_hand": [179, 200, 100, 300, 200, 100, 100, 100, 100], "Left_hand": [200, 200, 100, 100, 200, 100, 100, 100, 100], "Robot": [2.022621024081527, 32.2857080627928, -91.2051960220268, -40.67553135530533, 42.17547628832087]}, "41": {"Right_hand": [179, 200, 100, 300, 200, 100, 100, 100, 100], "Left_hand": [200, 200, 100, 100, 200, 100, 100, 100, 100], "Robot": [2.0130130681351144, 32.26635489438645, -90.97982082682665, -40.04360236705843, 42.191535300402734]}, "1": {"Right_hand": [179, 200, 100, 300, 200, 100, 100, 100, 100], "Left_hand": [200, 200, 100, 100, 200, 100, 100, 100, 100], "Robot": [2.689021944604255, 33.62802991698858, -106.83705761485987, -84.50567189940001, 41.06163474973289]}, "0": {"Right_hand": [179, 200, 100, 300, 200, 100, 100, 100, 100], "Left_hand": [200, 200, 100, 100, 200, 100, 100, 100, 100], "Robot": [2.6899999999999977, 33.63, -106.86, -84.57, 41.06]}, "3": {"Right_hand": [179, 200, 100, 300, 200, 100, 100, 100, 100], "Left_hand": [200, 200, 100, 100, 200, 100, 100, 100, 100], "Robot": [2.6814563984548347, 33.61279074545903, -106.6595915180406, -84.00807512122955, 41.07428001972549]}, "2": {"Right_hand": [179, 200, 100, 300, 200, 100, 100, 100, 100], "Left_hand": [200, 200, 100, 100, 200, 100, 100, 100, 100], "Robot": [2.686145311087365, 33.62223555519027, -106.76958001150653, -84.3164716035177, 41.06644283718254]}, "5": {"Right_hand": [179, 200, 100, 300, 200, 100, 100, 100, 100], "Left_hand": [200, 200, 100, 100, 200, 100, 100, 100, 100], "Robot": [2.6669869318648782, 33.58364510561355, -106.32017917317334, -83.05639763294155, 41.09846469959727]}, "4": {"Right_hand": [179, 200, 100, 300, 200, 100, 100, 100, 100], "Left_hand": [200, 200, 100, 100, 200, 100, 100, 100, 100], "Robot": [2.67504150571217, 33.59986931864881, -106.50911646256267, -83.58615846141201, 41.085002054738226]}, "7": {"Right_hand": [179, 200, 100, 300, 200, 100, 100, 100, 100], "Left_hand": [200, 200, 100, 100, 200, 100, 100, 100, 100], "Robot": [2.6463039368784393, 33.54198364428372, -105.83501520506287, -81.69604750554778, 41.133034848360325]}, "6": {"Right_hand": [179, 200, 100, 300, 200, 100, 100, 100, 100], "Left_hand": [200, 200, 100, 100, 200, 100, 100, 100, 100], "Robot": [2.6573789759184656, 33.5642919372072, -106.0948039779732, -82.42446864469466, 41.114523711679134]}, "9": {"Right_hand": [179, 200, 100, 300, 200, 100, 100, 100, 100], "Left_hand": [200, 200, 100, 100, 200, 100, 100, 100, 100], "Robot": [2.620097805539572, 33.48919700830115, -105.22029423851401, -79.97243281005998, 41.176836525026715]}, "8": {"Right_hand": [179, 200, 100, 300, 200, 100, 100, 100, 100], "Left_hand": [200, 200, 100, 100, 200, 100, 100, 100, 100], "Robot": [2.6338481137503056, 33.51689405769705, -105.54283718254294, -80.87681022437741, 41.15385386701735]}, "13": {"Right_hand": [179, 200, 100, 300, 200, 100, 100, 100, 100], "Left_hand": [200, 200, 100, 100, 200, 100, 100, 100, 100], "Robot": [2.553877701980765, 33.355810799704116, -103.66695980932029, -75.61704199884934, 41.287518698117864]}, "12": {"Right_hand": [179, 200, 100, 300, 200, 100, 100, 100, 100], "Left_hand": [200, 200, 100, 100, 200, 100, 100, 100, 100], "Robot": [2.571942960466834, 33.39219939179749, -104.09071915837922, -76.80521985699022, 41.257323908934005]}, "11": {"Right_hand": [179, 200, 100, 300, 200, 100, 100, 100, 100], "Left_hand": [200, 200, 100, 100, 200, 100, 100, 100, 100], "Robot": [2.589058929892329, 33.42667584449741, -104.49221089833155, -77.93096161748993, 41.22871578860853]}, "10": {"Right_hand": [179, 200, 100, 300, 200, 100, 100, 100, 100], "Left_hand": [200, 200, 100, 100, 200, 100, 100, 100, 100], "Robot": [2.605139311251744, 33.45906632694995, -104.86941070107669, -78.988591271472, 41.20183857976494]}, "39": {"Right_hand": [179, 200, 100, 300, 200, 100, 100, 100, 100], "Left_hand": [200, 200, 100, 100, 200, 100, 100, 100, 100], "Robot": [2.0336960631215533, 32.30801635571628, -91.46498479493712, -41.403952494452206, 42.15696515163968]}, "38": {"Right_hand": [179, 200, 100, 300, 200, 100, 100, 100, 100], "Left_hand": [200, 200, 100, 100, 200, 100, 100, 100, 100], "Robot": [2.046151886249687, 32.33310594230295, -91.75716281745706, -42.22318977562259, 42.13614613298266]}, "15": {"Right_hand": [179, 200, 100, 300, 200, 100, 100, 100, 100],