{"emotion_time": [], "actors_NAME": ["r_shoulder_x", "r_arm_z", "r_forearm_z", "r_shoulder_y", "r_elbow_y"], "emotion_name": "", "position": {"24": {"Right_hand": [153, 200, 142, 188, 200, 138, 153, 150, 147], "Left_hand": [200, 200, 100, 100, 200, 100, 100, 100, 100], "Robot": [1.5499999999999972, 38.2, -174.6, -73.72, 50.730000000000004]}, "20": {"Right_hand": [153, 200, 142, 188, 200, 138, 153, 150, 147], "Left_hand": [200, 200, 100, 100, 200, 100, 100, 100, 100], "Robot": [1.5499999999999972, 38.2, -174.6, -73.72, 50.730000000000004]}, "21": {"Right_hand": [153, 200, 142, 188, 200, 138, 153, 150, 147], "Left_hand": [200, 200, 100, 100, 200, 100, 100, 100, 100], "Robot": [1.5499999999999972, 38.2, -174.6, -73.72, 50.730000000000004]}, "22": {"Right_hand": [153, 200, 142, 188, 200, 138, 153, 150, 147], "Left_hand": [200, 200, 100, 100, 200, 100, 100, 100, 100], "Robot": [1.5499999999999972, 38.2, -174.6, -73.72, 50.730000000000004]}, "23": {"Right_hand": [153, 200, 142, 188, 200, 138, 153, 150, 147], "Left_hand": [200, 200, 100, 100, 200, 100, 100, 100, 100], "Robot": [1.5499999999999972, 38.2, -174.6, -73.72, 50.730000000000004]}, "1": {"Right_hand": [153, 200, 142, 188, 200, 138, 153, 150, 147], "Left_hand": [200, 200, 100, 100, 200, 100, 100, 100, 100], "Robot": [1.5499999999999972, 38.02, -174.6, -73.72, 50.730000000000004]}, "0": {"Right_hand": [153, 200, 142, 188, 200, 138, 153, 150, 147], "Left_hand": [200, 200, 100, 100, 200, 100, 100, 100, 100], "Robot": [1.5499999999999972, 38.02, -174.6, -73.72, 50.730000000000004]}, "3": {"Right_hand": [153, 200, 142, 188, 200, 138, 153, 150, 147], "Left_hand": [200, 200, 100, 100, 200, 100, 100, 100, 100], "Robot": [1.5499999999999972, 38.02, -174.6, -73.72, 50.730000000000004]}, "2": {"Right_hand": [153, 200, 142, 188, 200, 138, 153, 150, 147], "Left_hand": [200, 200, 100, 100, 200, 100, 100, 100, 100], "Robot": [1.5499999999999972, 38.02, -174.6, -73.72, 50.730000000000004]}, "5": {"Right_hand": [153, 200, 142, 188, 200, 138, 153, 150, 147], "Left_hand": [200, 200, 100, 100, 200, 100, 100, 100, 100], "Robot": [1.4599999999999937, 38.11, -174.6, -73.72, 50.730000000000004]}, "4": {"Right_hand": [153, 200, 142, 188, 200, 138, 153, 150, 147], "Left_hand": [200, 200, 100, 100, 200, 100, 100, 100, 100], "Robot": [1.4599999999999937, 38.11, -174.6, -73.72, 50.730000000000004]}, "7": {"Right_hand": [153, 200, 142, 188, 200, 138, 153, 150, 147], "Left_hand": [200, 200, 100, 100, 200, 100, 100, 100, 100], "Robot": [1.5499999999999972, 38.11, -174.6, -73.72, 50.730000000000004]}, "6": {"Right_hand": [153, 200, 142, 188, 200, 138, 153, 150, 147], "Left_hand": [200, 200, 100, 100, 200, 100, 100, 100, 100], "Robot": [1.5499999999999972, 38.11, -174.6, -73.72, 50.730000000000004]}, "9": {"Right_hand": [153, 200, 142, 188, 200, 138, 153, 150, 147], "Left_hand": [200, 200, 100, 100, 200, 100, 100, 100, 100], "Robot": [1.4599999999999937, 38.11, -174.6, -73.72, 50.730000000000004]}, "8": {"Right_hand": [153, 200, 142, 188, 200, 138, 153, 150, 147], "Left_hand": [200, 200, 100, 100, 200, 100, 100, 100, 100], "Robot": [1.4599999999999937, 38.11, -174.6, -73.72, 50.730000000000004]}, "11": {"Right_hand": [153, 200, 142, 188, 200, 138, 153, 150, 147], "Left_hand": [200, 200, 100, 100, 200, 100, 100, 100, 100], "Robot": [1.5499999999999972, 38.11, -174.6, -73.72, 50.730000000000004]}, "10": {"Right_hand": [153, 200, 142, 188, 200, 138, 153, 150, 147], "Left_hand": [200, 200, 100, 100, 200, 100, 100, 100, 100], "Robot": [1.4599999999999937, 38.11, -174.6, -73.72, 50.730000000000004]}, "13": {"Right_hand": [153, 200, 142, 188, 200, 138, 153, 150, 147], "Left_hand": [200, 200, 100, 100, 200, 100, 100, 100, 100], "Robot": [1.5499999999999972, 38.11, -174.6, -73.72, 50.730000000000004]}, "12": {"Right_hand": [153, 200, 142, 188, 200, 138, 153, 150, 147], "Left_hand": [200, 200, 100, 100, 200, 100, 100, 100, 100], "Robot": [1.5499999999999972, 38.11, -174.6, -73.72, 50.730000000000004]}, "15": {"Right_hand": [153, 200, 142, 188, 200, 138, 153, 150, 147], "Left_hand": [200, 200, 100, 100, 200, 100, 100, 100, 100], "Robot": [1.5499999999999972, 38.11, -174.6, -73.72, 50.730000000000004]}, "14": {"Right_hand": [153, 200, 142, 188, 200, 138, 153, 150, 147], "Left_hand": [200, 200, 100, 100, 200, 100, 100, 100, 100], "Robot": [1.5499999999999972, 38.11, -174.6, -73.72, 50.730000000000004]}, "17": {"Right_hand": [153, 200, 142, 188, 200, 138, 153, 150, 147], "Left_hand": [200, 200, 100, 100, 200, 100, 100, 100, 100], "Robot": [1.5499999999999972, 38.2, -174.6, -73.72, 50.730000000000004]}, "16": {"Right_hand": [153, 200, 142, 188, 200, 138, 153, 150, 147], "Left_hand": [200, 200, 100, 100, 200, 100, 100, 100, 100], "Robot": [1.5499999999999972, 38.2, -174.6, -73.72, 50.730000000000004]}, "19": {"Right_hand": [153, 200, 142, 188, 200, 138, 153, 150, 147], "Left_hand": [200, 200, 100, 100, 200, 100, 100, 100, 100], "Robot": [1.5499999999999972, 38.2, -174.6, -73.72, 50.730000000000004]}, "18": {"Right_hand": [153, 200, 142, 188, 200, 138, 153, 150, 147], "Left_hand": [200, 200, 100, 100, 200, 100, 100, 100, 100], "Robot": [1.5499999999999972, 38.2, -174.6, -73.72, 50.730000000000004]}}, "text": "", "freq": "50", "actors_ID": [52, 53, 55, 51, 54], "frame_number": 25, "speak": ""}