{"text": "", "actors_NAME": ["r_shoulder_x", "r_arm_z", "r_forearm_z", "r_shoulder_y", "r_elbow_y"], "emotion_time": [], "emotion_name": "", "position": {"1": {"Right_hand": [300, 238, 295, 300, 200, 100, 100, 100, 100], "Left_hand": [200, 200, 100, 100, 200, 100, 100, 100, 100], "Robot": [-0.4640624999999967, 44.7565625, -92.3471875, -68.0828125, 48.955000000000005]}, "0": {"Right_hand": [300, 238, 295, 300, 200, 100, 100, 100, 100], "Left_hand": [200, 200, 100, 100, 200, 100, 100, 100, 100], "Robot": [-0.29999999999999716, 44.18, -93.08, -68.45, 48.68000000000001]}, "3": {"Right_hand": [300, 238, 295, 300, 200, 100, 100, 100, 100], "Left_hand": [200, 200, 100, 100, 200, 100, 100, 100, 100], "Robot": [-1.1859374999999948, 47.293437499999996, -89.1228125, -66.4671875, 50.165]}, "2": {"Right_hand": [300, 238, 295, 300, 200, 100, 100, 100, 100], "Left_hand": [200, 200, 100, 100, 200, 100, 100, 100, 100], "Robot": [-0.8249999999999957, 46.025, -90.735, -67.275, 49.56]}, "4": {"Right_hand": [300, 238, 295, 300, 200, 100, 100, 100, 100], "Left_hand": [200, 200, 100, 100, 200, 100, 100, 100, 100], "Robot": [-1.3499999999999943, 47.87, -88.39, -66.1, 50.44]}}, "freq": 10.0, "frame_number": 5, "speak": ""}