{"text": "", "actors_NAME": ["r_shoulder_x", "r_arm_z", "r_forearm_z", "r_shoulder_y", "r_elbow_y"], "emotion_time": [], "emotion_name": "", "position": {"24": {"Right_hand": [144, 200, 188, 282, 115, 265, 259, 229, 262], "Left_hand": [200, 200, 100, 100, 200, 100, 100, 100, 100], "Robot": [4.270330578512394, 18.657355371900827, -169.75721262208864, -21.173298271975952, 38.81074380165289]}, "25": {"Right_hand": [144, 200, 188, 282, 115, 265, 259, 229, 262], "Left_hand": [200, 200, 100, 100, 200, 100, 100, 100, 100], "Robot": [4.255038261401896, 18.779693908784818, -169.67588529927372, -20.01142972423964, 39.23892868074687]}, "26": {"Right_hand": [144, 200, 188, 282, 115, 265, 259, 229, 262], "Left_hand": [200, 200, 100, 100, 200, 100, 100, 100, 100], "Robot": [4.240994796449339, 18.892041628405266, -169.60119959929875, -18.9444455575034, 39.63214569941843]}, "27": {"Right_hand": [144, 200, 188, 282, 115, 265, 259, 229, 262], "Left_hand": [200, 200, 100, 100, 200, 100, 100, 100, 100], "Robot": [4.228347107438014, 18.993223140495868, -169.5339368895567, -17.9835086401202, 39.98628099173554]}, "20": {"Right_hand": [144, 200, 188, 282, 115, 265, 259, 229, 262], "Left_hand": [200, 200, 100, 100, 200, 100, 100, 100, 100], "Robot": [4.341049892868072, 18.091600857055404, -170.1333107938893, -26.546358905863034, 36.83060299969391]}, "21": {"Right_hand": [144, 200, 188, 282, 115, 265, 259, 229, 262], "Left_hand": [200, 200, 100, 100, 200, 100, 100, 100, 100], "Robot": [4.322231404958675, 18.24214876033058, -170.03323065364387, -25.11658151765589, 37.357520661157025]}, "22": {"Right_hand": [144, 200, 188, 282, 115, 265, 259, 229, 262], "Left_hand": [200, 200, 100, 100, 200, 100, 100, 100, 100], "Robot": [4.304074074074071, 18.38740740740741, -169.93666666666667, -23.737037037037034, 37.86592592592592]}, "23": {"Right_hand": [144, 200, 188, 282, 115, 265, 259, 229, 262], "Left_hand": [200, 200, 100, 100, 200, 100, 100, 100, 100], "Robot": [4.286724823997549, 18.526201408019592, -169.8444002003506, -22.4188883323594, 38.351704928068564]}, "28": {"Right_hand": [144, 200, 188, 282, 115, 265, 259, 229, 262], "Left_hand": [200, 200, 100, 100, 200, 100, 100, 100, 100], "Robot": [4.217242118151207, 19.08206305479033, -169.4748785374405, -17.13978184044299, 40.29722069176615]}, "29": {"Right_hand": [144, 200, 188, 282, 115, 265, 259, 229, 262], "Left_hand": [200, 200, 100, 100, 200, 100, 100, 100, 100], "Robot": [4.207826752372204, 19.157385981022344, -169.42480591034308, -16.424428026824714, 40.56085093357821]}, "1": {"Right_hand": [144, 200, 188, 100, 200, 100, 100, 100, 100], "Left_hand": [200, 200, 100, 100, 200, 100, 100, 100, 100], "Robot": [4.628812366085088, 15.789501071319252, -171.6636839469071, -48.40976681414698, 28.773253749617382]}, "0": {"Right_hand": [144, 200, 188, 100, 200, 100, 100, 100, 100], "Left_hand": [200, 200, 100, 100, 200, 100, 100, 100, 100], "Robot": [4.6299999999999955, 15.78, -171.67000000000002, -48.5, 28.739999999999995]}, "3": {"Right_hand": [144, 200, 188, 100, 200, 100, 100, 100, 100], "Left_hand": [200, 200, 100, 100, 200, 100, 100, 100, 100], "Robot": [4.619752066115698, 15.86198347107438, -171.61549962434262, -47.72138993238167, 29.026942148760327]}, "2": {"Right_hand": [144, 200, 188, 100, 200, 100, 100, 100, 100], "Left_hand": [200, 200, 100, 100, 200, 100, 100, 100, 100], "Robot": [4.625347413529227, 15.817220691766146, -171.64525669922367, -48.146509168823215, 28.870272421181507]}, "5": {"Right_hand": [144, 200, 188, 100, 200, 100, 100, 100, 100], "Left_hand": [200, 200, 100, 100, 200, 100, 100, 100, 100], "Robot": [4.602757881848786, 15.997936945209672, -171.5251214625595, -46.430218159557, 29.502779308233848]}, "4": {"Right_hand": [144, 200, 188, 100, 200, 100, 100, 100, 100], "Left_hand": [200, 200, 100, 100, 200, 100, 100, 100, 100], "Robot": [4.612173247627789, 15.922614018977654, -171.57519408965692, -47.14557197317528, 29.23914906642179]}, "7": {"Right_hand": [144, 200, 188, 100, 200, 100, 100, 100, 100], "Left_hand": [200, 200, 100, 100, 200, 100, 100, 100, 100], "Robot": [4.579005203550654, 16.187958371594735, -171.39880040070125, -44.62555444249659, 30.16785430058157]}, "6": {"Right_hand": [144, 200, 188, 100, 200, 100, 100, 100, 100], "Left_hand": [200, 200, 100, 100, 200, 100, 100, 100, 100], "Robot": [4.591652892561979, 16.08677685950413, -171.4660631104433, -45.58649135987979, 29.813719008264457]}, "9": {"Right_hand": [144, 200, 188, 140, 181, 136, 135, 128, 136], "Left_hand": [200, 200, 100, 100, 200, 100, 100, 100, 100], "Robot": [4.549669421487599, 16.422644628099174, -171.24278737791136, -42.39670172802404, 30.989256198347103]}, "8": {"Right_hand": [144, 200, 188, 120, 190, 118, 117, 114, 118], "Left_hand": [200, 200, 100, 100, 200, 100, 100, 100, 100], "Robot": [4.564961738598098, 16.30030609121518, -171.32411470072628, -43.55857027576036, 30.561071319253134]}, "11": {"Right_hand": [144, 200, 188, 180, 162, 173, 170, 157, 172], "Left_hand": [200, 200, 100, 100, 200, 100, 100, 100, 100], "Robot": [4.515925925925922, 16.692592592592593, -171.06333333333333, -39.83296296296296, 31.934074074074072]}, "10": {"Right_hand": [144, 200, 188, 160, 171, 155, 153, 143, 154], "Left_hand": [200, 200, 100, 100, 200, 100, 100, 100, 100], "Robot": [4.533275176002444, 16.55379859198041, -171.1555997996494, -41.15111166764059, 31.448295071931433]}, "13": {"Right_hand": [144, 200, 188, 221, 143, 210, 206, 186, 208], "Left_hand": [200, 200, 100, 100, 200, 100, 100, 100, 100], "Robot": [4.478950107131921, 16.988399142944598, -170.8666892061107, -37.02364109413696, 32.96939700030609]}, "12": {"Right_hand": [144, 200, 188, 201, 152, 191, 188, 171, 190], "Left_hand": [200, 200, 100, 100, 200, 100, 100, 100, 100], "Robot": [4.497768595041318, 16.837851239669423, -170.96676934635613, -38.453418482344105, 32.44247933884297]}, "15": {"Right_hand": [144, 200, 188, 261, 124, 246, 241, 214, 244], "Left_hand": [200, 200, 100, 100, 200, 100, 100, 100, 100], "Robot": [4.439917355371898, 17.30066115702479, -170.65910593538692, -34.058039068369645, 34.062314049586774]}, "14": {"Right_hand": [144, 200, 188, 241, 133, 228, 223, 200, 226], "Left_hand": [200, 200, 100, 100, 200, 100, 100, 100, 100], "Robot": [4.459617385981018, 17.14306091215182, -170.76387427998998, -35.55479366669449, 33.51071319253137]}, "17": {"Right_hand": [144, 200, 188, 282, 115, 265, 259, 229, 262], "Left_hand": [200, 200, 100, 100, 200, 100, 100, 100, 100], "Robot": [4.400003060912148, 17.619975512702787, -170.44683446030552, -31.02545983248462, 35.17991429445975]}, "16": {"Right_hand": [144, 200, 188, 282, 115, 265, 259, 229, 262], "Left_hand": [200, 200, 100, 100, 200, 100, 100, 100, 100], "Robot": [4.419996939087845, 17.460024487297215, -170.55316553969448, -32.544540167515365, 34.62008570554025]}, "19": {"Right_hand": [144, 200, 188, 282, 115, 265, 259, 229, 262], "Left_hand": [200, 200, 100, 100, 200, 100, 100, 100, 100], "Robot": [4.360382614018975, 17.93693908784818, -170.23612572001002, -28.0152063333055, 36.28928680746863]}, "18": {"Right_hand": [144, 200, 188, 282, 115, 265, 259, 229, 262], "Left_hand": [200, 200, 100, 100, 200, 100, 100, 100, 100], "Robot": [4.380082644628096, 17.779338842975207, -170.34089406461308, -29.51196093163035, 35.73768595041322]}, "31": {"Right_hand": [144, 200, 188, 282, 115, 265, 259, 229, 262], "Left_hand": [200, 200, 100, 100, 200, 100, 100, 100, 100], "Robot": [4.194652586470766, 19.262779308233853, -169.35474330077633, -15.423490831176778, 40.929727578818486]}, "30": {"Right_hand": [144, 200, 188, 282, 115, 265, 259, 229, 262], "Left_hand": [200, 200, 100, 100, 200, 100, 100, 100, 100], "Robot": [4.200247933884295, 19.21801652892562, -169.38450037565738, -15.848610067618324, 40.77305785123967]}, "33": {"Right_hand": [144, 200, 188, 282, 115, 265, 259, 229, 262], "Left_hand": [200, 200, 100, 100, 200, 100, 100, 100, 100], "Robot": [4.189999999999998, 19.3, -169.32999999999998, -15.069999999999993, 41.06]},