{"text": "", "actors_NAME": ["head_z", "head_y", "r_shoulder_x", "r_arm_z", "r_forearm_z", "r_shoulder_y", "r_elbow_y"], "emotion_time": [], "emotion_name": "", "position": {"11": {"Right_hand": [200, 200, 100, 100, 218, 100, 100, 100, 100], "Left_hand": [200, 200, 100, 100, 200, 100, 100, 100, 100], "Robot": [1.352944606413994, 9.911769314868804, -9.464207361516031, 80.02177751457725, -119.35942146501458, -30.898527696793003, 53.08]}, "10": {"Right_hand": [200, 200, 100, 100, 218, 100, 100, 100, 100], "Left_hand": [200, 200, 100, 100, 200, 100, 100, 100, 100], "Robot": [1.1762390670553935, 8.469008746355685, -8.802565597667634, 79.79236151603499, -119.46233236151603, -30.986880466472304, 53.08]}, "13": {"Right_hand": [200, 200, 100, 100, 218, 100, 100, 100, 100], "Left_hand": [200, 200, 100, 100, 200, 100, 100, 100, 100], "Robot": [1.7217492711370261, 12.922975583090377, -10.845129373177839, 80.50059493440233, -119.14463465743441, -30.71412536443149, 53.08]}, "12": {"Right_hand": [200, 200, 100, 100, 218, 100, 100, 100, 100], "Left_hand": [200, 200, 100, 100, 200, 100, 100, 100, 100], "Robot": [1.5354227405247811, 11.401661807580172, -10.147463556851308, 80.25868804664722, -119.25314868804665, -30.80728862973761, 53.08]}, "17": {"Right_hand": [200, 200, 100, 100, 218, 100, 100, 100, 100], "Left_hand": [200, 200, 100, 100, 200, 100, 100, 100, 100], "Robot": [2.467055393586006, 19.008230685131192, -13.635792638483963, 81.46822248542274, -118.71057853498543, -30.341472303207, 53.08]}, "15": {"Right_hand": [200, 200, 100, 100, 218, 100, 100, 100, 100], "Left_hand": [200, 200, 100, 100, 200, 100, 100, 100, 100], "Robot": [2.0982507288629737, 15.99702441690962, -12.254870626822154, 80.98940506559767, -118.9253653425656, -30.525874635568513, 53.08]}, "14": {"Right_hand": [200, 200, 100, 100, 218, 100, 100, 100, 100], "Left_hand": [200, 200, 100, 100, 200, 100, 100, 100, 100], "Robot": [1.91, 14.459999999999999, -11.549999999999997, 80.745, -119.035, -30.62, 53.08]}, "24": {"Right_hand": [200, 200, 100, 100, 218, 100, 100, 100, 100], "Left_hand": [200, 200, 100, 100, 200, 100, 100, 100, 100], "Robot": [3.475014577259475, 27.23798833819242, -17.40991253644315, 82.77685131195335, -118.12355685131196, -29.837492711370263, 53.08]}, "25": {"Right_hand": [200, 200, 100, 100, 218, 100, 100, 100, 100], "Left_hand": [200, 200, 100, 100, 200, 100, 100, 100, 100], "Robot": [3.5574344023323614, 27.91092747813411, -17.71851858600583, 82.88385659620991, -118.07555666909622, -29.796282798833822, 53.08]}, "26": {"Right_hand": [200, 200, 100, 100, 218, 100, 100, 100, 100], "Left_hand": [200, 200, 100, 100, 200, 100, 100, 100, 100], "Robot": [3.61868804664723, 28.411049562682212, -17.947871720116616, 82.96338192419825, -118.0398833819242, -29.76565597667639, 53.08]}, "27": {"Right_hand": [200, 200, 100, 100, 218, 100, 100, 100, 100], "Left_hand": [200, 200, 100, 100, 200, 100, 100, 100, 100], "Robot": [3.656851311953353, 28.722643950437316, -18.090767128279886, 83.0129291180758, -118.01765761661808, -29.746574344023326, 53.08]}, "20": {"Right_hand": [200, 200, 100, 100, 218, 100, 100, 100, 100], "Left_hand": [200, 200, 100, 100, 200, 100, 100, 100, 100], "Robot": [2.972157434402332, 23.13227405247813, -15.527055393586005, 82.1239941690962, -118.4164139941691, -30.088921282798836, 53.08]}, "21": {"Right_hand": [200, 200, 100, 100, 218, 100, 100, 100, 100], "Left_hand": [200, 200, 100, 100, 200, 100, 100, 100, 100], "Robot": [3.12, 24.339374999999997, -16.080624999999998, 82.3159375, -118.3303125, -30.015, 53.08]}, "22": {"Right_hand": [200, 200, 100, 100, 218, 100, 100, 100, 100], "Left_hand": [200, 200, 100, 100, 200, 100, 100, 100, 100], "Robot": [3.2543731778425657, 25.436501457725946, -16.583760932944607, 82.49039358600584, -118.252055393586, -29.94781341107872, 53.08]}, "23": {"Right_hand": [200, 200, 100, 100, 218, 100, 100, 100, 100], "Left_hand": [200, 200, 100, 100, 200, 100, 100, 100, 100], "Robot": [3.3733527696793, 26.407942784256555, -17.029258381924194, 82.64486424927114, -118.18276330174928, -29.888323615160353, 53.08]}, "19": {"Right_hand": [200, 200, 100, 100, 218, 100, 100, 100, 100], "Left_hand": [200, 200, 100, 100, 200, 100, 100, 100, 100], "Robot": [2.812769679300292, 21.830909256559767, -14.93025692419825, 81.91706177113703, -118.50923924927115, -30.168615160349855, 53.08]}, "18": {"Right_hand": [200, 200, 100, 100, 218, 100, 100, 100, 100], "Left_hand": [200, 200, 100, 100, 200, 100, 100, 100, 100], "Robot": [2.6437609329446063, 20.450991253644315, -14.29743440233236, 81.69763848396501, -118.60766763848397, -30.2531195335277, 53.08]}, "16": {"Right_hand": [200, 200, 100, 100, 218, 100, 100, 100, 100], "Left_hand": [200, 200, 100, 100, 200, 100, 100, 100, 100], "Robot": [2.2845772594752183, 17.518338192419822, -12.952536443148684, 81.23131195335277, -118.81685131195336, -30.432711370262393, 53.08]}, "28": {"Right_hand": [200, 200, 100, 100, 218, 100, 100, 100, 100], "Left_hand": [200, 200, 100, 100, 200, 100, 100, 100, 100], "Robot": [3.67, 28.83, -18.14, 83.03, -118.01, -29.740000000000002, 53.08]}, "1": {"Right_hand": [200, 200, 100, 100, 218, 100, 100, 100, 100], "Left_hand": [200, 200, 100, 100, 200, 100, 100, 100, 100], "Robot": [0.16314868804664723, 0.19735604956268205, -5.00923287172011, 78.47707088192419, -120.05234238338193, -31.493425655976676, 53.08]}, "0": {"Right_hand": [200, 200, 100, 100, 218, 100, 100, 100, 100], "Left_hand": [200, 200, 100, 100, 200, 100, 100, 100, 100], "Robot": [0.15, 0.08999999999999986, -4.959999999999994, 78.46, -120.06, -31.5, 53.08]}, "3": {"Right_hand": [200, 200, 100, 100, 218, 100, 100, 100, 100], "Left_hand": [200, 200, 100, 100, 200, 100, 100, 100, 100], "Robot": [0.2625655976676385, 1.009072521865889, -5.381481413994163, 78.60614340379009, -119.99444333090379, -31.44371720116618, 53.08]}, "2": {"Right_hand": [200, 200, 100, 100, 218, 100, 100, 100, 100], "Left_hand": [200, 200, 100, 100, 200, 100, 100, 100, 100], "Robot": [0.20131195335276966, 0.508950437317784, -5.152128279883375, 78.52661807580175, -120.03011661807581, -31.474344023323614, 53.08]}, "5": {"Right_hand": [200, 200, 100, 100, 218, 100, 100, 100, 100], "Left_hand": [200, 200, 100, 100, 200, 100, 100, 100, 100], "Robot": [0.44664723032069975, 2.51205721574344, -6.070741618075796, 78.84513575072886, -119.88723669825073, -31.35167638483965, 53.08]}, "4": {"Right_hand": [200, 200, 100, 100, 218, 100, 100, 100, 100], "Left_hand": [200, 200, 100, 100, 200, 100, 100, 100, 100], "Robot": [0.3449854227405248, 1.6820116618075798, -5.6900874635568455, 78.71314868804664, -119.94644314868805, -31.40250728862974, 53.08]}, "7": {"Right_hand": [200, 200, 100, 100, 218, 100, 100, 100, 100], "Left_hand": [200, 200, 100, 100, 200, 100, 100, 100, 100], "Robot": [0.7000000000000001, 4.5806249999999995, -7.019374999999995, 79.17406249999999, -119.7396875, -31.225, 53.08]}, "6": {"Right_hand": [200, 200, 100, 100, 218, 100, 100, 100, 100], "Left_hand": [200, 200, 100, 100, 200, 100, 100, 100, 100], "Robot": [0.5656268221574344, 3.4834985422740523, -6.5162390670553885, 78.99960641399416, -119.817944606414, -31.292186588921282, 53.08]}, "9": {"Right_hand": [200, 200, 100, 100, 218, 100, 100, 100, 100], "Left_hand": [200, 200, 100, 100, 200, 100, 100, 100, 100], "Robot": [1.0072303206997086, 7.089090743440234, -8.169743075801746, 79.57293822886297, -119.56076075072886, -31.071384839650147, 53.08]}, "8": {"Right_hand": [200, 200, 100, 100, 218, 100, 100, 100, 100], "Left_hand": [200, 200, 100, 100, 200, 100, 100, 100, 100], "Robot": [0.8478425655976677, 5.787725947521865, -7.572944606413989, 79.36600583090379, -119.6535860058309, -31.151078717201166, 53.08]}}, "freq": 29.0, "frame_number": 29, "speak": ""}