{"text": "", "actors_NAME": ["r_shoulder_x", "r_arm_z", "r_forearm_z", "r_shoulder_y", "r_elbow_y"], "emotion_time": [], "emotion_name": "", "position": {"20": {"Right_hand": [200, 200, 209, 284, 158, 123, 280, 280, 280], "Left_hand": [200, 200, 100, 100, 200, 100, 100, 100, 100], "Robot": [-20.78, 84.35, -145.28, -43.23, 51.91]}, "11": {"Right_hand": [200, 200, 209, 284, 158, 123, 280, 280, 280], "Left_hand": [200, 200, 100, 100, 200, 100, 100, 100, 100], "Robot": [-11.994335000000005, 85.6214975, -144.6548825, -45.8452875, 44.6764975]}, "10": {"Right_hand": [200, 200, 209, 284, 158, 123, 280, 280, 280], "Left_hand": [200, 200, 100, 100, 200, 100, 100, 100, 100], "Robot": [-10.450000000000003, 85.845, -144.54500000000002, -46.305, 43.405]}, "13": {"Right_hand": [200, 200, 209, 284, 158, 123, 280, 280, 280], "Left_hand": [200, 200, 100, 100, 200, 100, 100, 100, 100], "Robot": [-14.959045000000003, 85.1924325, -144.8658275, -44.9627625, 47.1174325]}, "12": {"Right_hand": [200, 200, 209, 284, 158, 123, 280, 280, 280], "Left_hand": [200, 200, 100, 100, 200, 100, 100, 100, 100], "Robot": [-13.507680000000002, 85.40248, -144.76256, -45.3948, 45.92248]}, "15": {"Right_hand": [200, 200, 209, 284, 158, 123, 280, 280, 280], "Left_hand": [200, 200, 100, 100, 200, 100, 100, 100, 100], "Robot": [-17.551875000000003, 84.81718749999999, -145.0503125, -44.1909375, 49.2521875]}, "14": {"Right_hand": [200, 200, 209, 284, 158, 123, 280, 280, 280], "Left_hand": [200, 200, 100, 100, 200, 100, 100, 100, 100], "Robot": [-16.31744, 84.99584, -144.96248, -44.5584, 48.235839999999996]}, "17": {"Right_hand": [200, 200, 209, 284, 158, 123, 280, 280, 280], "Left_hand": [200, 200, 100, 100, 200, 100, 100, 100, 100], "Robot": [-19.524905, 84.53164249999999, -145.1906975, -43.6036125, 50.876642499999996]}, "16": {"Right_hand": [200, 200, 209, 284, 158, 123, 280, 280, 280], "Left_hand": [200, 200, 100, 100, 200, 100, 100, 100, 100], "Robot": [-18.631360000000004, 84.66095999999999, -145.12712, -43.8696, 50.14096]}, "19": {"Right_hand": [200, 200, 209, 284, 158, 123, 280, 280, 280], "Left_hand": [200, 200, 100, 100, 200, 100, 100, 100, 100], "Robot": [-20.630215000000003, 84.37167749999999, -145.2693425, -43.274587499999996, 51.786677499999996]}, "18": {"Right_hand": [200, 200, 209, 284, 158, 123, 280, 280, 280], "Left_hand": [200, 200, 100, 100, 200, 100, 100, 100, 100], "Robot": [-20.201520000000002, 84.43372, -145.23884, -43.40219999999999, 51.433719999999994]}, "1": {"Right_hand": [200, 200, 209, 284, 158, 123, 280, 280, 280], "Left_hand": [200, 200, 100, 100, 200, 100, 100, 100, 100], "Robot": [-0.26978500000000455, 87.31832250000001, -143.8206575, -49.335412500000004, 35.023322500000006]}, "0": {"Right_hand": [200, 200, 209, 284, 158, 123, 280, 280, 280], "Left_hand": [200, 200, 100, 100, 200, 100, 100, 100, 100], "Robot": [-0.12000000000000455, 87.34, -143.81, -49.38, 34.900000000000006]}, "3": {"Right_hand": [200, 200, 209, 284, 158, 123, 280, 280, 280], "Left_hand": [200, 200, 100, 100, 200, 100, 100, 100, 100], "Robot": [-1.3750950000000044, 87.15835750000001, -143.8993025, -49.0063875, 35.93335750000001]}, "2": {"Right_hand": [200, 200, 209, 284, 158, 123, 280, 280, 280], "Left_hand": [200, 200, 100, 100, 200, 100, 100, 100, 100], "Robot": [-0.6984800000000045, 87.25628, -143.85116, -49.2078, 35.37628000000001]}, "5": {"Right_hand": [200, 200, 209, 284, 158, 123, 280, 280, 280], "Left_hand": [200, 200, 100, 100, 200, 100, 100, 100, 100], "Robot": [-3.348125000000004, 86.87281250000001, -144.0396875, -48.4190625, 37.557812500000004]}, "4": {"Right_hand": [200, 200, 209, 284, 158, 123, 280, 280, 280], "Left_hand": [200, 200, 100, 100, 200, 100, 100, 100, 100], "Robot": [-2.268640000000005, 87.02904000000001, -143.96288, -48.7404, 36.66904]}, "7": {"Right_hand": [200, 200, 209, 284, 158, 123, 280, 280, 280], "Left_hand": [200, 200, 100, 100, 200, 100, 100, 100, 100], "Robot": [-5.940955000000002, 86.4975675, -144.2241725, -47.6472375, 39.6925675]}, "6": {"Right_hand": [200, 200, 209, 284, 158, 123, 280, 280, 280], "Left_hand": [200, 200, 100, 100, 200, 100, 100, 100, 100], "Robot": [-4.5825600000000035, 86.69416, -144.12752, -48.0516, 38.574160000000006]}, "9": {"Right_hand": [200, 200, 209, 284, 158, 123, 280, 280, 280], "Left_hand": [200, 200, 100, 100, 200, 100, 100, 100, 100], "Robot": [-8.905665000000004, 86.0685025, -144.4351175, -46.7647125, 42.133502500000006]}, "8": {"Right_hand": [200, 200, 209, 284, 158, 123, 280, 280, 280], "Left_hand": [200, 200, 100, 100, 200, 100, 100, 100, 100], "Robot": [-7.392320000000005, 86.28752, -144.32744, -47.2152, 40.88752]}}, "freq": 21.0, "frame_number": 21, "speak": ""}