{"text": "", "actors_NAME": ["r_shoulder_x", "r_arm_z", "r_forearm_z", "r_shoulder_y", "r_elbow_y"], "emotion_time": [], "emotion_name": "", "position": {"10": {"Right_hand": [132, 221, 300, 237, 177, 100, 280, 280, 280], "Left_hand": [200, 200, 100, 100, 200, 100, 100, 100, 100], "Robot": [5.680000000000007, 48.66, -50.56, -36.77, 53.370000000000005]}, "1": {"Right_hand": [132, 221, 300, 237, 177, 100, 280, 280, 280], "Left_hand": [200, 200, 100, 100, 200, 100, 100, 100, 100], "Robot": [4.824639999999998, 38.23044, -60.250840000000004, -41.62028, 45.108000000000004]}, "0": {"Right_hand": [132, 221, 300, 237, 177, 100, 280, 280, 280], "Left_hand": [200, 200, 100, 100, 200, 100, 100, 100, 100], "Robot": [4.799999999999997, 37.93, -60.53, -41.76, 44.870000000000005]}, "3": {"Right_hand": [132, 221, 300, 237, 177, 100, 280, 280, 280], "Left_hand": [200, 200, 100, 100, 200, 100, 100, 100, 100], "Robot": [4.990079999999999, 40.24768, -58.37648, -40.682159999999996, 46.706]}, "2": {"Right_hand": [132, 221, 300, 237, 177, 100, 280, 280, 280], "Left_hand": [200, 200, 100, 100, 200, 100, 100, 100, 100], "Robot": [4.891519999999998, 39.04592, -59.493120000000005, -41.24104, 45.754000000000005]}, "5": {"Right_hand": [132, 221, 300, 237, 177, 100, 280, 280, 280], "Left_hand": [200, 200, 100, 100, 200, 100, 100, 100, 100], "Robot": [5.240000000000002, 43.295, -55.545, -39.265, 49.120000000000005]}, "4": {"Right_hand": [132, 221, 300, 237, 177, 100, 280, 280, 280], "Left_hand": [200, 200, 100, 100, 200, 100, 100, 100, 100], "Robot": [5.1097600000000005, 41.70696, -57.02056, -40.00352, 47.86200000000001]}, "7": {"Right_hand": [132, 221, 300, 237, 177, 100, 280, 280, 280], "Left_hand": [200, 200, 100, 100, 200, 100, 100, 100, 100], "Robot": [5.489920000000005, 46.342319999999994, -52.71352, -37.847840000000005, 51.534000000000006]}, "6": {"Right_hand": [132, 221, 300, 237, 177, 100, 280, 280, 280], "Left_hand": [200, 200, 100, 100, 200, 100, 100, 100, 100], "Robot": [5.3702400000000035, 44.883039999999994, -54.06944, -38.52648, 50.37800000000001]}, "9": {"Right_hand": [132, 221, 300, 237, 177, 100, 280, 280, 280], "Left_hand": [200, 200, 100, 100, 200, 100, 100, 100, 100], "Robot": [5.655360000000006, 48.359559999999995, -50.83916000000001, -36.90972, 53.132000000000005]}, "8": {"Right_hand": [132, 221, 300, 237, 177, 100, 280, 280, 280], "Left_hand": [200, 200, 100, 100, 200, 100, 100, 100, 100], "Robot": [5.588480000000006, 47.544079999999994, -51.59688, -37.28896, 52.486000000000004]}}, "freq": 22.0, "frame_number": 11, "speak": ""}