{"text": "", "actors_NAME": ["r_shoulder_x", "r_arm_z", "r_forearm_z", "r_shoulder_y", "r_elbow_y"], "emotion_time": [], "emotion_name": "", "position": {"1": {"Right_hand": [212, 215, 156, 100, 200, 138, 288, 294, 294], "Left_hand": [200, 200, 100, 100, 200, 100, 100, 100, 100], "Robot": [4.626132812499996, 65.98132812499999, -168.0843359375, -50.020664062499996, 45.8380859375]}, "0": {"Right_hand": [212, 215, 156, 100, 200, 138, 288, 294, 294], "Left_hand": [200, 200, 100, 100, 200, 100, 100, 100, 100], "Robot": [4.6299999999999955, 65.8, -168.45, -50.26, 45.75]}, "3": {"Right_hand": [212, 215, 156, 100, 200, 138, 288, 294, 294], "Left_hand": [200, 200, 100, 100, 200, 100, 100, 100, 100], "Robot": [4.601523437499999, 67.135234375, -165.7573828125, -48.4976171875, 46.3986328125]}, "2": {"Right_hand": [212, 215, 156, 100, 200, 138, 288, 294, 294], "Left_hand": [200, 200, 100, 100, 200, 100, 100, 100, 100], "Robot": [4.615937499999998, 66.459375, -167.12031249999998, -49.3896875, 46.0703125]}, "5": {"Right_hand": [212, 215, 156, 100, 200, 138, 288, 294, 294], "Left_hand": [200, 200, 100, 100, 200, 100, 100, 100, 100], "Robot": [4.568476562500003, 68.684765625, -162.6326171875, -46.4523828125, 47.1513671875]}, "4": {"Right_hand": [212, 215, 156, 100, 200, 138, 288, 294, 294], "Left_hand": [200, 200, 100, 100, 200, 100, 100, 100, 100], "Robot": [4.585000000000001, 67.91, -164.195, -47.474999999999994, 46.775]}, "7": {"Right_hand": [212, 215, 156, 100, 200, 138, 288, 294, 294], "Left_hand": [200, 200, 100, 100, 200, 100, 100, 100, 100], "Robot": [4.543867187500005, 69.83867187499999, -160.3056640625, -44.9293359375, 47.7119140625]}, "6": {"Right_hand": [212, 215, 156, 100, 200, 138, 288, 294, 294], "Left_hand": [200, 200, 100, 100, 200, 100, 100, 100, 100], "Robot": [4.554062500000004, 69.360625, -161.2696875, -45.560312499999995, 47.4796875]}, "8": {"Right_hand": [212, 215, 156, 100, 200, 138, 288, 294, 294], "Left_hand": [200, 200, 100, 100, 200, 100, 100, 100, 100], "Robot": [4.540000000000006, 70.02, -159.94, -44.69, 47.8]}}, "freq": 18.0, "frame_number": 9, "speak": ""}