{"text": "", "actors_NAME": ["r_shoulder_x", "r_arm_z", "r_forearm_z", "l_shoulder_x", "l_arm_z", "l_forearm_z", "r_shoulder_y", "r_elbow_y", "l_shoulder_y", "l_elbow_y"], "emotion_time": [], "emotion_name": "", "position": {"24": {"Right_hand": [176, 200, 198, 300, 216, 100, 100, 100, 100], "Left_hand": [282, 200, 100, 138, 208, 100, 100, 100, 100], "Robot": [-11.594444444444445, 80.69148148148147, -135.6, 5.845925925925929, -25.195925925925927, -83.11, -39.666296296296295, 18.273333333333326, 27.159999999999997, 41.349999999999994]}, "30": {"Right_hand": [176, 200, 198, 300, 216, 100, 100, 100, 100], "Left_hand": [282, 200, 100, 138, 208, 100, 100, 100, 100], "Robot": [-19.91444444444444, 80.1648148148148, -135.6, 5.899259259259261, -25.249259259259258, -83.11, -39.272962962962964, 24.33333333333333, 27.159999999999997, 41.349999999999994]}, "25": {"Right_hand": [176, 200, 198, 300, 216, 100, 100, 100, 100], "Left_hand": [282, 200, 100, 138, 208, 100, 100, 100, 100], "Robot": [-12.620000000000001, 80.6265625, -135.6, 5.852500000000003, -25.2025, -83.11, -39.6178125, 19.020312499999996, 27.159999999999997, 41.349999999999994]}, "22": {"Right_hand": [176, 200, 198, 300, 216, 100, 100, 100, 100], "Left_hand": [282, 200, 100, 138, 208, 100, 100, 100, 100], "Robot": [-10.670000000000002, 80.75, -135.6, 5.840000000000003, -25.19, -83.11, -39.71, 17.599999999999994, 27.159999999999997, 41.349999999999994]}, "26": {"Right_hand": [176, 200, 198, 300, 216, 100, 100, 100, 100], "Left_hand": [282, 200, 100, 138, 208, 100, 100, 100, 100], "Robot": [-13.905555555555557, 80.54518518518519, -135.6, 5.860740740740744, -25.210740740740743, -83.11, -39.557037037037034, 19.956666666666663, 27.159999999999997, 41.349999999999994]}, "27": {"Right_hand": [176, 200, 198, 300, 216, 100, 100, 100, 100], "Left_hand": [282, 200, 100, 138, 208, 100, 100, 100, 100], "Robot": [-15.364444444444445, 80.45283564814815, -135.6, 5.870092592592595, -25.220092592592593, -83.11, -39.48806712962963, 21.01927083333333, 27.159999999999997, 41.349999999999994]}, "15": {"Right_hand": [176, 200, 198, 300, 216, 100, 100, 100, 100], "Left_hand": [282, 200, 100, 138, 208, 100, 100, 100, 100], "Robot": [-14.940320699708458, 80.15723032069971, -135.94892128279884, 5.840000000000003, -25.19, -83.11, -39.41857142857143, 21.14472303206997, 27.159999999999997, 41.349999999999994]}, "32": {"Right_hand": [176, 200, 198, 300, 216, 100, 100, 100, 100], "Left_hand": [282, 200, 100, 138, 208, 100, 100, 100, 100], "Robot": [-22.225555555555555, 80.01851851851852, -135.6, 5.914074074074076, -25.264074074074074, -83.11, -39.1637037037037, 26.016666666666666, 27.159999999999997, 41.349999999999994]}, "14": {"Right_hand": [176, 200, 198, 300, 216, 100, 100, 100, 100], "Left_hand": [282, 200, 100, 138, 208, 100, 100, 100, 100], "Robot": [-16.254444444444445, 79.97481481481482, -136.0562962962963, 5.840000000000003, -25.19, -83.11, -39.32888888888889, 22.235555555555553, 27.159999999999997, 41.349999999999994]}, "11": {"Right_hand": [176, 200, 198, 300, 216, 100, 100, 100, 100], "Left_hand": [282, 200, 100, 138, 208, 100, 100, 100, 100], "Robot": [-20.671295756397797, 79.3617049994601, -136.41719036821078, 5.840000000000003, -25.19, -83.11, -39.02746031746032, 25.90191124068675, 27.159999999999997, 41.349999999999994]}, "10": {"Right_hand": [176, 200, 198, 300, 216, 100, 100, 100, 100], "Left_hand": [282, 200, 100, 138, 208, 100, 100, 100, 100], "Robot": [-22.208704243602206, 79.1482950005399, -136.54280963178923, 5.840000000000003, -25.19, -83.11, -38.922539682539686, 27.178088759313248, 27.159999999999997, 41.349999999999994]}, "13": {"Right_hand": [176, 200, 198, 300, 216, 100, 100, 100, 100], "Left_hand": [282, 200, 100, 138, 208, 100, 100, 100, 100], "Robot": [-17.666255264010367, 79.77883921822698, -136.17165316920418, 5.840000000000003, -25.19, -83.11, -39.23253968253968, 23.407476514415286, 27.159999999999997, 41.349999999999994]}, "12": {"Right_hand": [176, 200, 198, 300, 216, 100, 100, 100, 100], "Left_hand": [282, 200, 100, 138, 208, 100, 100, 100, 100], "Robot": [-19.14784256559767, 79.5731778425656, -136.2927113702624, 5.840000000000003, -25.19, -83.11, -39.13142857142857, 24.63731778425656, 27.159999999999997, 41.349999999999994]}, "20": {"Right_hand": [176, 200, 198, 300, 216, 100, 100, 100, 100], "Left_hand": [282, 200, 100, 138, 208, 100, 100, 100, 100], "Robot": [-10.811878846776807, 80.73030558255049, -135.6115927005723, 5.840000000000003, -25.19, -83.11, -39.700317460317464, 17.717771298995782, 27.159999999999997, 41.349999999999994]}, "21": {"Right_hand": [176, 200, 198, 300, 216, 100, 100, 100, 100], "Left_hand": [282, 200, 100, 138, 208, 100, 100, 100, 100], "Robot": [-10.670000000000002, 80.75, -135.6, 5.840000000000003, -25.19, -83.11, -39.71, 17.599999999999994, 27.159999999999997, 41.349999999999994]}, "17": {"Right_hand": [176, 200, 198, 300, 216, 100, 100, 100, 100], "Left_hand": [282, 200, 100, 138, 208, 100, 100, 100, 100], "Robot": [-12.716776805960482, 80.46588381384299, -135.76723895907568, 5.840000000000003, -25.19, -83.11, -39.57031746031746, 19.298995788791704, 27.159999999999997, 41.349999999999994]}, "16": {"Right_hand": [176, 200, 198, 300, 216, 100, 100, 100, 100], "Left_hand": [282, 200, 100, 138, 208, 100, 100, 100, 100], "Robot": [-13.751794622610952, 80.32221142425225, -135.85180865997194, 5.840000000000003, -25.19, -83.11, -39.49968253968254, 20.15814706835115, 27.159999999999997, 41.349999999999994]}, "19": {"Right_hand": [176, 200, 198, 300, 216, 100, 100, 100, 100], "Left_hand": [282, 200, 100, 138, 208, 100, 100, 100, 100], "Robot": [-11.218908325234857, 80.67380520462153, -135.64485044811576, 5.840000000000003, -25.19, -83.11, -39.672539682539686, 18.055639779721407, 27.159999999999997, 41.349999999999994]}, "18": {"Right_hand": [176, 200, 198, 300, 216, 100, 100, 100, 100], "Left_hand": [282, 200, 100, 138, 208, 100, 100, 100, 100], "Robot": [-11.863177842565598, 80.58437317784256, -135.69749271137024, 5.840000000000003, -25.19, -83.11, -39.628571428571426, 18.59043731778425, 27.159999999999997, 41.349999999999994]}, "31": {"Right_hand": [176, 200, 198, 300, 216, 100, 100, 100, 100], "Left_hand": [282, 200, 100, 138, 208, 100, 100, 100, 100], "Robot": [-21.2, 80.08343749999999, -135.6, 5.907500000000002, -25.2575, -83.11, -39.2121875, 25.269687499999996, 27.159999999999997, 41.349999999999994]}, "23": {"Right_hand": [176, 200, 198, 300, 216, 100, 100, 100, 100], "Left_hand": [282, 200, 100, 138, 208, 100, 100, 100, 100], "Robot": [-10.915555555555557, 80.73445601851851, -135.6, 5.841574074074077, -25.191574074074076, -83.11, -39.69839120370371, 17.77885416666666, 27.159999999999997, 41.349999999999994]}, "28": {"Right_hand": [176, 200, 198, 300, 216, 100, 100, 100, 100], "Left_hand": [282, 200, 100, 138, 208, 100, 100, 100, 100], "Robot": [-16.91, 80.35499999999999, -135.6, 5.880000000000003, -25.23, -83.11, -39.415, 22.144999999999996, 27.159999999999997, 41.349999999999994]}, "29": {"Right_hand": [176, 200, 198, 300, 216, 100, 100, 100, 100], "Left_hand": [282, 200, 100, 138, 208, 100, 100, 100, 100], "Robot": [-18.455555555555556, 80.25716435185184, -135.6, 5.88990740740741, -25.239907407407408, -83.11, -39.34193287037037, 23.270729166666662, 27.159999999999997, 41.349999999999994]}, "34": {"Right_hand": [176, 200, 198, 300, 216, 100, 100, 100, 100], "Left_hand": [282, 200, 100, 138, 208, 100, 100, 100, 100], "Robot": [-23.15, 79.96, -135.6, 5.920000000000002, -25.27, -83.11, -39.12, 26.689999999999998, 27.159999999999997, 41.349999999999994]}, "1": {"Right_hand": [176, 200, 198, 300, 216, 100, 100, 100, 100], "Left_hand": [282, 200, 100, 138, 208, 100, 100, 100, 100], "Robot": [-32.068121153223196, 77.77969441744952, -137.34840729942772, 5.840000000000003, -25.19, -83.11, -38.24968253968254, 35.36222870100421, 27.159999999999997, 41.349999999999994]}, "0": {"Right_hand": [176, 200, 198, 300, 216, 100, 100, 100, 100],