{"text": "", "actors_NAME": ["r_shoulder_x", "r_arm_z", "r_forearm_z", "l_shoulder_x", "l_arm_z", "l_forearm_z", "r_shoulder_y", "r_elbow_y", "l_shoulder_y", "l_elbow_y"], "emotion_time": [], "emotion_name": "", "position": {"24": {"Right_hand": [200, 200, 193, 276, 200, 100, 100, 279, 271], "Left_hand": [268, 232, 100, 100, 200, 100, 100, 100, 100], "Robot": [-0.092088655146505, 65.90120210368144, -163.1662434259955, -0.7600000000000051, -22.37, -81.35, -34.212637114951164, 31.417798647633358, -21.519999999999996, 50.150000000000006]}, "25": {"Right_hand": [200, 200, 193, 276, 200, 100, 100, 279, 271], "Left_hand": [268, 232, 100, 100, 200, 100, 100, 100, 100], "Robot": [-0.24779224754431128, 66.35024014247155, -161.9942958510727, -0.7600000000000051, -22.37, -81.35, -33.08135320143585, 31.85606255391379, -21.519999999999996, 50.150000000000006]}, "26": {"Right_hand": [200, 200, 193, 276, 200, 100, 100, 279, 271], "Left_hand": [268, 232, 100, 100, 200, 100, 100, 100, 100], "Robot": [-0.3907802543339711, 66.76260734062387, -160.9180557642541, -0.7600000000000051, -22.37, -81.35, -32.04245596460473, 32.258535492667725, -21.519999999999996, 50.150000000000006]}, "27": {"Right_hand": [200, 200, 193, 276, 200, 100, 100, 279, 271], "Left_hand": [268, 232, 100, 100, 200, 100, 100, 100, 100], "Robot": [-0.5195567242674661, 67.13398948159279, -159.94878287002254, -0.7600000000000051, -22.37, -81.35, -31.106814425244178, 32.62100676183321, -21.519999999999996, 50.150000000000006]}, "20": {"Right_hand": [200, 200, 193, 276, 200, 100, 100, 279, 271], "Left_hand": [268, 232, 100, 100, 200, 100, 100, 100, 100], "Robot": [0.6279625455658513, 63.82462587305563, -168.58591451707156, -0.7600000000000051, -22.37, -81.35, -39.44425912012689, 29.391047388485404, -21.519999999999996, 50.150000000000006]}, "21": {"Right_hand": [200, 200, 193, 276, 200, 100, 100, 279, 271], "Left_hand": [268, 232, 100, 100, 200, 100, 100, 100, 100], "Robot": [0.43635612321562744, 64.37720510894064, -167.14373403456048, -0.7600000000000051, -22.37, -81.35, -38.05211870773854, 29.93036814425244, -21.519999999999996, 50.150000000000006]}, "22": {"Right_hand": [200, 200, 193, 276, 200, 100, 100, 279, 271], "Left_hand": [268, 232, 100, 100, 200, 100, 100, 100, 100], "Robot": [0.2514814814814823, 64.91037037037037, -165.75222222222223, -0.7600000000000051, -22.37, -81.35, -36.70888888888889, 30.45074074074074, -21.519999999999996, 50.150000000000006]}, "23": {"Right_hand": [200, 200, 193, 276, 200, 100, 100, 279, 271], "Left_hand": [268, 232, 100, 100, 200, 100, 100, 100, 100], "Robot": [0.07483457161143203, 65.41980744079918, -164.4226387845396, -0.7600000000000051, -22.37, -81.35, -35.42543868436431, 30.94795447588836, -21.519999999999996, 50.150000000000006]}, "28": {"Right_hand": [200, 200, 193, 276, 200, 100, 100, 279, 271], "Left_hand": [268, 232, 100, 100, 200, 100, 100, 100, 100], "Robot": [-0.6326257060967784, 67.46007234883268, -159.09773687286082, -0.7600000000000051, -22.37, -81.35, -30.28529760414058, 32.93926565934831, -21.519999999999996, 50.150000000000006]}, "29": {"Right_hand": [200, 200, 193, 276, 200, 100, 100, 279, 271], "Left_hand": [268, 232, 100, 100, 200, 100, 100, 100, 100], "Robot": [-0.7284912485738904, 67.73654172579793, -158.37617747725184, -0.7600000000000051, -22.37, -81.35, -29.58877452208031, 33.209101483151066, -21.519999999999996, 50.150000000000006]}, "1": {"Right_hand": [200, 200, 193, 276, 200, 100, 100, 279, 271], "Left_hand": [268, 232, 100, 100, 200, 100, 100, 100, 100], "Robot": [3.5579077274118527, 55.374873250410445, -190.63898405543034, -0.7600000000000051, -22.37, -81.35, -60.7321420819768, 21.14403650833403, -21.519999999999996, 50.150000000000006]}, "0": {"Right_hand": [200, 200, 193, 276, 200, 100, 100, 279, 271], "Left_hand": [268, 232, 100, 100, 200, 100, 100, 100, 100], "Robot": [3.569999999999993, 55.34, -190.73000000000002, -0.7600000000000051, -22.37, -81.35, -60.82, 21.11, -21.519999999999996, 50.150000000000006]}, "3": {"Right_hand": [200, 200, 193, 276, 200, 100, 100, 279, 271], "Left_hand": [268, 232, 100, 100, 200, 100, 100, 100, 100], "Robot": [3.465657400450782, 55.640916604057104, -189.94463561232158, -0.7600000000000051, -22.37, -81.35, -60.061885800150264, 21.403696468820435, -21.519999999999996, 50.150000000000006]}, "2": {"Right_hand": [200, 200, 193, 276, 200, 100, 100, 279, 271], "Left_hand": [268, 232, 100, 100, 200, 100, 100, 100, 100], "Robot": [3.5226282104794433, 55.47661685727802, -190.3734426913766, -0.7600000000000051, -22.37, -81.35, -60.47581434176475, 21.243338898628153, -21.519999999999996, 50.150000000000006]}, "5": {"Right_hand": [200, 200, 193, 276, 200, 100, 100, 279, 271], "Left_hand": [268, 232, 100, 100, 200, 100, 100, 100, 100], "Robot": [3.292625706096774, 56.139927651167326, -188.6422631271392, -0.7600000000000051, -22.37, -81.35, -58.80470239585942, 21.890734340651697, -21.519999999999996, 50.150000000000006]}, "4": {"Right_hand": [200, 200, 193, 276, 200, 100, 100, 279, 271], "Left_hand": [268, 232, 100, 100, 200, 100, 100, 100, 100], "Robot": [3.388491248573887, 55.86345827420208, -189.36382252274817, -0.7600000000000051, -22.37, -81.35, -59.50122547791969, 21.62089851684893, -21.519999999999996, 50.150000000000006]}, "7": {"Right_hand": [200, 200, 193, 276, 200, 100, 100, 279, 271], "Left_hand": [268, 232, 100, 100, 200, 100, 100, 100, 100], "Robot": [3.0507802543339677, 56.837392659376135, -186.82194423574592, -0.7600000000000051, -22.37, -81.35, -57.047544035395276, 22.571464507332276, -21.519999999999996, 50.150000000000006]}, "6": {"Right_hand": [200, 200, 193, 276, 200, 100, 100, 279, 271], "Left_hand": [268, 232, 100, 100, 200, 100, 100, 100, 100], "Robot": [3.1795567242674623, 56.46601051840722, -187.79121712997747, -0.7600000000000051, -22.37, -81.35, -57.98318557475582, 22.20899323816679, -21.519999999999996, 50.150000000000006]}, "9": {"Right_hand": [200, 200, 193, 276, 200, 100, 100, 279, 271], "Left_hand": [268, 232, 100, 100, 200, 100, 100, 100, 100], "Robot": [2.7520886551465016, 57.69879789631856, -184.57375657400453, -0.7600000000000051, -22.37, -81.35, -54.87736288504884, 23.41220135236664, -21.519999999999996, 50.150000000000006]}, "8": {"Right_hand": [200, 200, 193, 276, 200, 100, 100, 279, 271], "Left_hand": [268, 232, 100, 100, 200, 100, 100, 100, 100], "Robot": [2.9077922475443083, 57.24975985752846, -185.7457041489273, -0.7600000000000051, -22.37, -81.35, -56.00864679856416, 22.973937446086207, -21.519999999999996, 50.150000000000006]}, "11": {"Right_hand": [200, 200, 193, 276, 200, 100, 100, 279, 271], "Left_hand": [268, 232, 100, 100, 200, 100, 100, 100, 100], "Robot": [2.4085185185185143, 58.689629629629636, -181.98777777777778, -0.7600000000000051, -22.37, -81.35, -52.38111111111111, 24.379259259259257, -21.519999999999996, 50.150000000000006]}, "10": {"Right_hand": [200, 200, 193, 276, 200, 100, 100, 279, 271], "Left_hand": [268, 232, 100, 100, 200, 100, 100, 100, 100], "Robot": [2.585165428388564, 58.180192559200826, -183.3173612154604, -0.7600000000000051, -22.37, -81.35, -53.664561315635694, 23.88204552411164, -21.519999999999996, 50.150000000000006]}, "13": {"Right_hand": [200, 200, 193, 276, 200, 100, 100, 279, 271], "Left_hand": [268, 232, 100, 100, 200, 100, 100, 100, 100], "Robot": [2.0320374544341453, 59.77537412694438, -179.15408548292848, -0.7600000000000051, -22.37, -81.35, -49.64574087987312, 25.438952611514594, -21.519999999999996, 50.150000000000006]}, "12": {"Right_hand": [200, 200, 193, 276, 200, 100, 100, 279, 271], "Left_hand": [268, 232, 100, 100, 200, 100, 100, 100, 100], "Robot": [2.2236438767843687, 59.22279489105936, -180.59626596543953, -0.7600000000000051, -22.37, -81.35, -51.03788129226146, 24.899631855747558, -21.519999999999996, 50.150000000000006]}, "15": {"Right_hand": [200, 200, 193, 276, 200, 100, 100, 279, 271], "Left_hand": [268, 232, 100, 100, 200, 100, 100, 100, 100],