{"text": "", "actors_NAME": ["r_shoulder_x", "r_arm_z", "r_forearm_z", "r_shoulder_y", "r_elbow_y"], "emotion_time": [], "emotion_name": "", "position": {"45": {"Right_hand": [135, 226, 161, 100, 246, 153, 280, 280, 280], "Left_hand": [200, 200, 100, 100, 200, 100, 100, 100, 100], "Robot": [-5.917265214124719, 11.858880540946657, -64.02330578512397, -37.26997746055597, 50.20339594290008]}, "54": {"Right_hand": [135, 226, 161, 100, 246, 153, 280, 280, 280], "Left_hand": [200, 200, 100, 100, 200, 100, 100, 100, 100], "Robot": [-4.644755822689703, 11.905435762584522, -73.12743801652893, -49.10017655897821, 46.41173178061609]}, "42": {"Right_hand": [135, 226, 161, 100, 246, 153, 280, 280, 280], "Left_hand": [200, 200, 100, 100, 200, 100, 100, 100, 100], "Robot": [-6.391337340345607, 11.841536438767845, -60.63157024793389, -32.86264838467318, 51.615976709241174]}, "43": {"Right_hand": [135, 226, 161, 100, 246, 153, 280, 280, 280], "Left_hand": [200, 200, 100, 100, 200, 100, 100, 100, 100], "Robot": [-6.24070623591285, 11.847047332832457, -61.709256198347106, -34.263027798647634, 51.16714500375658]}, "60": {"Right_hand": [135, 226, 161, 100, 246, 153, 280, 280, 280], "Left_hand": [200, 200, 100, 100, 200, 100, 100, 100, 100], "Robot": [-4.216934663138607, 12.401333197638918, -73.99742316303684, -50.94457561571341, 45.49012008955832]}, "61": {"Right_hand": [135, 226, 161, 100, 246, 153, 280, 280, 280], "Left_hand": [200, 200, 100, 100, 200, 100, 100, 100, 100], "Robot": [-3.8671198860166864, 12.968457154488092, -73.97136372888255, -51.734750661510276, 44.85541827803787]}, "62": {"Right_hand": [135, 226, 161, 100, 246, 153, 280, 280, 280], "Left_hand": [200, 200, 100, 100, 200, 100, 100, 100, 100], "Robot": [-3.4109098310604473, 13.708070425401996, -73.9373783838795, -52.76525544473845, 44.02767351923469]}, "36": {"Right_hand": [135, 226, 161, 100, 246, 153, 280, 280, 280], "Left_hand": [200, 200, 100, 100, 200, 100, 100, 100, 100], "Robot": [-6.965214124718261, 11.82054094665665, -56.52578512396694, -27.527460555972954, 53.325942900075134]}, "64": {"Right_hand": [135, 226, 161, 100, 246, 153, 280, 280, 280], "Left_hand": [200, 200, 100, 100, 200, 100, 100, 100, 100], "Robot": [-2.2566822715245225, 15.579318135558722, -73.8513942601262, -55.3724689599023, 41.93345003053125]}, "49": {"Right_hand": [135, 226, 161, 100, 246, 153, 280, 280, 280], "Left_hand": [200, 200, 100, 100, 200, 100, 100, 100, 100], "Robot": [-5.25929376408715, 11.882952667167544, -68.73074380165289, -43.386972201352364, 48.24285499624343]}, "66": {"Right_hand": [135, 226, 161, 100, 246, 153, 280, 280, 280], "Left_hand": [200, 200, 100, 100, 200, 100, 100, 100, 100], "Robot": [-0.9090087522898389, 17.764182780378587, -73.75099938937512, -58.416645634032164, 39.48823936495014]}, "67": {"Right_hand": [135, 226, 161, 100, 246, 153, 280, 280, 280], "Left_hand": [200, 200, 100, 100, 200, 100, 100, 100, 100], "Robot": [-0.21099124771015187, 18.895817219621414, -73.69900061062488, -59.993354365967846, 38.22176063504987]}, "68": {"Right_hand": [135, 226, 161, 100, 246, 153, 280, 280, 280], "Left_hand": [200, 200, 100, 100, 200, 100, 100, 100, 100], "Robot": [0.4773539588845974, 20.011770812131083, -73.64772236922451, -61.54821493995522, 36.97283126399349]}, "69": {"Right_hand": [135, 226, 161, 100, 246, 153, 280, 280, 280], "Left_hand": [200, 200, 100, 100, 200, 100, 100, 100, 100], "Robot": [1.1366822715245322, 21.080681864441278, -73.5986057398738, -63.037531040097704, 35.77654996946876]}, "52": {"Right_hand": [135, 226, 161, 100, 246, 153, 280, 280, 280], "Left_hand": [200, 200, 100, 100, 200, 100, 100, 100, 100], "Robot": [-4.843441021788126, 11.898166791885801, -71.70595041322314, -47.253050338091654, 47.00374906085651]}, "24": {"Right_hand": [135, 226, 161, 100, 246, 153, 280, 280, 280], "Left_hand": [200, 200, 100, 100, 200, 100, 100, 100, 100], "Robot": [-5.53002035416243, 17.396684306940767, -49.3224017911663, -25.493551801343376, 53.30949725218807]}, "25": {"Right_hand": [135, 226, 161, 100, 246, 153, 280, 280, 280], "Left_hand": [200, 200, 100, 100, 200, 100, 100, 100, 100], "Robot": [-5.776870547526974, 16.447287807856704, -50.53072460818238, -25.816410543456136, 53.31979747608386]}, "26": {"Right_hand": [135, 226, 161, 100, 246, 153, 280, 280, 280], "Left_hand": [200, 200, 100, 100, 200, 100, 100, 100, 100], "Robot": [-6.006745369428052, 15.563179320170974, -51.655953592509675, -26.117066965194383, 53.329389375127214]}, "27": {"Right_hand": [135, 226, 161, 100, 246, 153, 280, 280, 280], "Left_hand": [200, 200, 100, 100, 200, 100, 100, 100, 100], "Robot": [-6.217522898432733, 14.752519845308367, -52.68770201506209, -26.392745776511298, 53.338184408711584]}, "20": {"Right_hand": [135, 226, 161, 100, 246, 153, 280, 280, 280], "Left_hand": [200, 200, 100, 100, 200, 100, 100, 100, 100], "Robot": [-4.4153042947282755, 21.6839303887645, -43.86590677793609, -24.03559943008345, 53.26298392021169]}, "21": {"Right_hand": [135, 226, 161, 100, 246, 153, 280, 280, 280], "Left_hand": [200, 200, 100, 100, 200, 100, 100, 100, 100], "Robot": [-4.708836759617345, 20.55499185833503, -45.30273763484633, -24.419514553226133, 53.27523203745166]}, "22": {"Right_hand": [135, 226, 161, 100, 246, 153, 280, 280, 280], "Left_hand": [200, 200, 100, 100, 200, 100, 100, 100, 100], "Robot": [-4.993881538774683, 19.45869733360472, -46.69802157541217, -24.79232851618156, 53.28712599226542]}, "23": {"Right_hand": [135, 226, 161, 100, 246, 153, 280, 280, 280], "Left_hand": [200, 200, 100, 100, 200, 100, 100, 100, 100], "Robot": [-5.268316710767356, 18.403207815998368, -48.041371870547536, -25.15126602890291, 53.29857724404641]}, "46": {"Right_hand": [135, 226, 161, 100, 246, 153, 280, 280, 280], "Left_hand": [200, 200, 100, 100, 200, 100, 100, 100, 100], "Robot": [-5.75, 11.865, -65.22, -38.825, 49.705000000000005]}, "47": {"Right_hand": [135, 226, 161, 100, 246, 153, 280, 280, 280], "Left_hand": [200, 200, 100, 100, 200, 100, 100, 100, 100], "Robot": [-5.582734785875282, 11.871119459053343, -66.41669421487603, -40.38002253944403, 49.20660405709993]}, "44": {"Right_hand": [135, 226, 161, 100, 246, 153, 280, 280, 280], "Left_hand": [200, 200, 100, 100, 200, 100, 100, 100, 100], "Robot": [-6.08175807663411, 11.852862509391436, -62.846446280991735, -35.74072877535687, 50.69353117956424]}, "48": {"Right_hand": [135, 226, 161, 100, 246, 153, 280, 280, 280], "Left_hand": [200, 200, 100, 100, 200, 100, 100, 100, 100], "Robot": [-5.418241923365889, 11.877137490608565, -67.59355371900827, -41.90927122464313, 48.716468820435765]}, "28": {"Right_hand": [135, 226, 161, 100, 246, 153, 280, 280, 280], "Left_hand": [200, 200, 100, 100, 200, 100, 100, 100, 100], "Robot": [-6.407081213108084, 14.02347038469367, -53.61558314675351, -26.640671687360065, 53.34609403623041]}, "29": {"Right_hand": [135, 226, 161, 100, 246, 153, 280, 280, 280], "Left_hand": [200, 200, 100, 100, 200, 100, 100, 100, 100], "Robot": [-6.573298392021172, 13.384191939751677, -54.42921025849787, -26.858069407693876, 53.35302971707715]}, "40": {"Right_hand": [135, 226, 161, 100, 246, 153, 280, 280, 280], "Left_hand": [200, 200, 100, 100, 200, 100, 100, 100, 100], "Robot": [-6.656558978211874, 11.8318332081142, -58.73404958677686, -30.39694966190834, 52.406250939143504]}, "41": {"Right_hand": [135, 226, 161, 100, 246, 153, 280, 280, 280], "Left_hand": [200, 200, 100, 100, 200, 100, 100, 100, 100], "Robot": [-6.530879038317058, 11.836431254695718, -59.633223140495865, -31.565364387678436, 52.031765589782125]}, "1": {"Right_hand": [135, 226, 161, 100, 246, 153, 280, 280, 280], "Left_hand": [200, 200, 100, 100, 200, 100, 100, 100, 100], "Robot": [-0.04768267860777643, 38.481991654793404, -22.48655607571749, -18.323127417056785, 53.08073783838795]}, "0": {"Right_hand": [135, 226, 161, 100, 246, 153, 280, 280, 280], "Left_hand": [200, 200, 100, 100, 200, 100, 100, 100, 100], "Robot": [-0.030000000000001137, 38.55, -22.400000000000006, -18.299999999999997, 53.08]},