{"text": "", "actors_NAME": ["r_shoulder_x", "r_arm_z", "r_forearm_z", "l_shoulder_x", "l_arm_z", "l_forearm_z", "r_shoulder_y", "r_elbow_y", "l_shoulder_y", "l_elbow_y"], "emotion_time": [], "emotion_name": "", "position": {"24": {"Right_hand": [200, 200, 100, 100, 200, 100, 100, 100, 100], "Left_hand": [256, 203, 100, 100, 200, 100, 100, 100, 100], "Robot": [-8.547755102040814, 44.207580174927116, -129.15, 2.1400000000000006, -51.3, -82.52, -6.916355685131192, 48.941778425655976, -16.25, 34.019999999999996]}, "30": {"Right_hand": [200, 200, 100, 100, 200, 100, 100, 100, 100], "Left_hand": [256, 203, 100, 100, 200, 100, 100, 100, 100], "Robot": [-10.222812071330589, 46.08517146776406, -129.15, 2.1400000000000006, -51.3, -82.52, -6.533401920438951, 47.83973936899862, -16.25, 34.019999999999996]}, "25": {"Right_hand": [200, 200, 100, 100, 200, 100, 100, 100, 100], "Left_hand": [256, 203, 100, 100, 200, 100, 100, 100, 100], "Robot": [-9.819387755102039, 45.71752186588921, -129.15, 2.1400000000000006, -51.3, -82.52, -6.744460641399412, 48.08230320699708, -16.25, 34.019999999999996]}, "37": {"Right_hand": [200, 200, 100, 100, 200, 100, 100, 100, 100], "Left_hand": [256, 203, 100, 100, 200, 100, 100, 100, 100], "Robot": [-4.079999999999998, 38.02, -129.15, 2.1400000000000006, -51.3, -82.52, -6.280000000000001, 52.2, -16.25, 34.019999999999996]}, "22": {"Right_hand": [200, 200, 100, 100, 200, 100, 100, 100, 100], "Left_hand": [256, 203, 100, 100, 200, 100, 100, 100, 100], "Robot": [-5.890612244897954, 41.05247813411079, -129.15, 2.1400000000000006, -51.3, -82.52, -7.275539358600584, 50.73769679300291, -16.25, 34.019999999999996]}, "26": {"Right_hand": [200, 200, 100, 100, 200, 100, 100, 100, 100], "Left_hand": [256, 203, 100, 100, 200, 100, 100, 100, 100], "Robot": [-10.74938775510204, 46.82180758017493, -129.15, 2.1400000000000006, -51.3, -82.52, -6.618746355685125, 47.45373177842565, -16.25, 34.019999999999996]}, "36": {"Right_hand": [200, 200, 100, 100, 200, 100, 100, 100, 100], "Left_hand": [256, 203, 100, 100, 200, 100, 100, 100, 100], "Robot": [-4.32108367626886, 38.33652949245542, -129.15, 2.1400000000000006, -51.3, -82.52, -6.289945130315502, 52.02887517146777, -16.25, 34.019999999999996]}, "27": {"Right_hand": [200, 200, 100, 100, 200, 100, 100, 100, 100], "Left_hand": [256, 203, 100, 100, 200, 100, 100, 100, 100], "Robot": [-11.11, 47.25, -129.15, 2.1400000000000006, -51.3, -82.52, -6.569999999999993, 47.209999999999994, -16.25, 34.019999999999996]}, "20": {"Right_hand": [200, 200, 100, 100, 200, 100, 100, 100, 100], "Left_hand": [256, 203, 100, 100, 200, 100, 100, 100, 100], "Robot": [-4.599999999999994, 39.52, -129.15, 2.1400000000000006, -51.3, -82.52, -7.450000000000003, 51.61, -16.25, 34.019999999999996]}, "32": {"Right_hand": [200, 200, 100, 100, 200, 100, 100, 100, 100], "Left_hand": [256, 203, 100, 100, 200, 100, 100, 100, 100], "Robot": [-8.178422496570644, 43.40100137174211, -129.15, 2.1400000000000006, -51.3, -82.52, -6.449067215363508, 49.290877914951984, -16.25, 34.019999999999996]}, "21": {"Right_hand": [200, 200, 100, 100, 200, 100, 100, 100, 100], "Left_hand": [256, 203, 100, 100, 200, 100, 100, 100, 100], "Robot": [-4.960612244897954, 39.94819241982508, -129.15, 2.1400000000000006, -51.3, -82.52, -7.401253644314871, 51.366268221574344, -16.25, 34.019999999999996]}, "11": {"Right_hand": [200, 200, 100, 100, 200, 100, 100, 100, 100], "Left_hand": [256, 203, 100, 100, 200, 100, 100, 100, 100], "Robot": [-10.188449074074072, 46.214444444444446, -129.19623842592594, 2.1400000000000006, -51.3, -82.52, -6.998518518518518, 47.88086805555555, -16.25, 34.019999999999996]}, "10": {"Right_hand": [200, 200, 100, 100, 200, 100, 100, 100, 100], "Left_hand": [256, 203, 100, 100, 200, 100, 100, 100, 100], "Robot": [-9.575925925925924, 45.53555555555556, -129.32407407407408, 2.1400000000000006, -51.3, -82.52, -7.38148148148148, 48.10444444444444, -16.25, 34.019999999999996]}, "13": {"Right_hand": [200, 200, 100, 100, 200, 100, 100, 100, 100], "Left_hand": [256, 203, 100, 100, 200, 100, 100, 100, 100], "Robot": [-10.409999999999997, 46.46, -129.15, 2.1400000000000006, -51.3, -82.52, -6.859999999999999, 47.8, -16.25, 34.019999999999996]}, "12": {"Right_hand": [200, 200, 100, 100, 200, 100, 100, 100, 100], "Left_hand": [256, 203, 100, 100, 200, 100, 100, 100, 100], "Robot": [-10.409999999999997, 46.46, -129.15, 2.1400000000000006, -51.3, -82.52, -6.859999999999999, 47.8, -16.25, 34.019999999999996]}, "15": {"Right_hand": [200, 200, 100, 100, 200, 100, 100, 100, 100], "Left_hand": [256, 203, 100, 100, 200, 100, 100, 100, 100], "Robot": [-8.9037037037037, 44.66074074074074, -129.15, 2.1400000000000006, -51.3, -82.52, -7.0129629629629635, 48.78777777777778, -16.25, 34.019999999999996]}, "14": {"Right_hand": [200, 200, 100, 100, 200, 100, 100, 100, 100], "Left_hand": [256, 203, 100, 100, 200, 100, 100, 100, 100], "Robot": [-9.979629629629626, 45.94592592592593, -129.15, 2.1400000000000006, -51.3, -82.52, -6.9037037037037035, 48.08222222222222, -16.25, 34.019999999999996]}, "17": {"Right_hand": [200, 200, 100, 100, 200, 100, 100, 100, 100], "Left_hand": [256, 203, 100, 100, 200, 100, 100, 100, 100], "Robot": [-6.106296296296291, 41.31925925925926, -129.15, 2.1400000000000006, -51.3, -82.52, -7.297037037037039, 50.62222222222222, -16.25, 34.019999999999996]}, "16": {"Right_hand": [200, 200, 100, 100, 200, 100, 100, 100, 100], "Left_hand": [256, 203, 100, 100, 200, 100, 100, 100, 100], "Robot": [-7.5049999999999955, 42.99, -129.15, 2.1400000000000006, -51.3, -82.52, -7.155000000000001, 49.705, -16.25, 34.019999999999996]}, "19": {"Right_hand": [200, 200, 100, 100, 200, 100, 100, 100, 100], "Left_hand": [256, 203, 100, 100, 200, 100, 100, 100, 100], "Robot": [-4.599999999999994, 39.52, -129.15, 2.1400000000000006, -51.3, -82.52, -7.450000000000003, 51.61, -16.25, 34.019999999999996]}, "18": {"Right_hand": [200, 200, 100, 100, 200, 100, 100, 100, 100], "Left_hand": [256, 203, 100, 100, 200, 100, 100, 100, 100], "Robot": [-5.030370370370364, 40.03407407407408, -129.15, 2.1400000000000006, -51.3, -82.52, -7.406296296296299, 51.327777777777776, -16.25, 34.019999999999996]}, "31": {"Right_hand": [200, 200, 100, 100, 200, 100, 100, 100, 100], "Left_hand": [256, 203, 100, 100, 200, 100, 100, 100, 100], "Robot": [-9.287407407407407, 44.85703703703704, -129.15, 2.1400000000000006, -51.3, -82.52, -6.49481481481481, 48.5037037037037, -16.25, 34.019999999999996]}, "23": {"Right_hand": [200, 200, 100, 100, 200, 100, 100, 100, 100], "Left_hand": [256, 203, 100, 100, 200, 100, 100, 100, 100], "Robot": [-7.16224489795918, 42.56241982507289, -129.15, 2.1400000000000006, -51.3, -82.52, -7.103644314868804, 49.87822157434402, -16.25, 34.019999999999996]}, "28": {"Right_hand": [200, 200, 100, 100, 200, 100, 100, 100, 100], "Left_hand": [256, 203, 100, 100, 200, 100, 100, 100, 100], "Robot": [-11.11, 47.25, -129.15, 2.1400000000000006, -51.3, -82.52, -6.569999999999993, 47.209999999999994, -16.25, 34.019999999999996]}, "29": {"Right_hand": [200, 200, 100, 100, 200, 100, 100, 100, 100], "Left_hand": [256, 203, 100, 100, 200, 100, 100, 100, 100], "Robot": [-10.868916323731138, 46.933470507544584, -129.15, 2.1400000000000006, -51.3, -82.52, -6.5600548696844925, 47.38112482853223, -16.25, 34.019999999999996]}, "35": {"Right_hand": [200, 200, 100, 100, 200, 100, 100, 100, 100], "Left_hand": [256, 203, 100, 100, 200, 100, 100, 100, 100], "Robot": [-4.967187928669409, 39.18482853223594, -129.15, 2.1400000000000006, -51.3, -82.52, -6.316598079561043, 51.570260631001375, -16.25, 34.019999999999996]}, "34": {"Right_hand": [200, 200, 100, 100, 200, 100, 100, 100, 100], "Left_hand": [256, 203, 100, 100, 200, 100, 100, 100, 100], "Robot": [-5.902592592592591, 40.412962962962965, -129.15, 2.1400000000000006, -51.3, -82.52, -6.355185185185184, 50.9062962962963, -16.25, 34.019999999999996]}, "1": {"Right_hand": [200, 200, 100, 100, 200, 100, 100, 100, 100],