{"text": "", "actors_NAME": ["r_shoulder_x", "r_arm_z", "r_forearm_z", "r_shoulder_y", "r_elbow_y"], "emotion_time": [], "emotion_name": "", "position": {"11": {"Right_hand": [200, 200, 100, 100, 229, 100, 100, 100, 100], "Left_hand": [200, 200, 100, 100, 200, 100, 100, 100, 100], "Robot": [-1.8768605324074081, 29.38587818287037, -97.4774464699074, -83.06872685185185, 31.867728587962965]}, "17": {"Right_hand": [200, 200, 100, 100, 229, 100, 100, 100, 100], "Left_hand": [200, 200, 100, 100, 200, 100, 100, 100, 100], "Robot": [-3.3824334490740746, 30.010227141203703, -95.80419126157408, -79.92914351851852, 23.183926504629632]}, "15": {"Right_hand": [200, 200, 100, 100, 229, 100, 100, 100, 100], "Left_hand": [200, 200, 100, 100, 200, 100, 100, 100, 100], "Robot": [-2.9147656250000002, 29.8162890625, -96.3239453125, -80.904375, 25.881328125000003]}, "14": {"Right_hand": [200, 200, 100, 100, 229, 100, 100, 100, 100], "Left_hand": [200, 200, 100, 100, 200, 100, 100, 100, 100], "Robot": [-2.6626157407407414, 29.71172453703704, -96.60417824074074, -81.4301851851852, 27.335671296296297]}, "24": {"Right_hand": [200, 200, 100, 100, 229, 100, 100, 100, 100], "Left_hand": [200, 200, 100, 100, 200, 100, 100, 100, 100], "Robot": [-4.25, 30.37, -94.84, -78.12, 18.180000000000007]}, "10": {"Right_hand": [200, 200, 100, 100, 229, 100, 100, 100, 100], "Left_hand": [200, 200, 100, 100, 200, 100, 100, 100, 100], "Robot": [-1.6173842592592602, 29.278275462962963, -97.76582175925927, -83.60981481481481, 33.364328703703706]}, "13": {"Right_hand": [200, 200, 100, 100, 229, 100, 100, 100, 100], "Left_hand": [200, 200, 100, 100, 200, 100, 100, 100, 100], "Robot": [-2.4031394675925926, 29.60412181712963, -96.8925535300926, -81.97127314814816, 28.83227141203704]}, "12": {"Right_hand": [200, 200, 100, 100, 229, 100, 100, 100, 100], "Left_hand": [200, 200, 100, 100, 200, 100, 100, 100, 100], "Robot": [-2.1400000000000006, 29.495, -97.185, -82.52000000000001, 30.35]}, "20": {"Right_hand": [200, 200, 100, 100, 229, 100, 100, 100, 100], "Left_hand": [200, 200, 100, 100, 200, 100, 100, 100, 100], "Robot": [-3.937407407407408, 30.24037037037037, -95.1874074074074, -78.77185185185185, 19.982962962962965]}, "21": {"Right_hand": [200, 200, 100, 100, 229, 100, 100, 100, 100], "Left_hand": [200, 200, 100, 100, 200, 100, 100, 100, 100], "Robot": [-4.068671875, 30.2948046875, -95.0415234375, -78.498125, 19.225859375000006]}, "22": {"Right_hand": [200, 200, 100, 100, 229, 100, 100, 100, 100], "Left_hand": [200, 200, 100, 100, 200, 100, 100, 100, 100], "Robot": [-4.166967592592592, 30.33556712962963, -94.93228009259259, -78.29314814814815, 18.658912037037044]}, "23": {"Right_hand": [200, 200, 100, 100, 229, 100, 100, 100, 100], "Left_hand": [200, 200, 100, 100, 200, 100, 100, 100, 100], "Robot": [-4.228631365740741, 30.36113859953704, -94.86374855324074, -78.1645601851852, 18.3032494212963]}, "19": {"Right_hand": [200, 200, 100, 100, 229, 100, 100, 100, 100], "Left_hand": [200, 200, 100, 100, 200, 100, 100, 100, 100], "Robot": [-3.776837384259259, 30.173783275462963, -95.36586082175927, -79.10668981481481, 20.909094328703713]}, "18": {"Right_hand": [200, 200, 100, 100, 229, 100, 100, 100, 100], "Left_hand": [200, 200, 100, 100, 200, 100, 100, 100, 100], "Robot": [-3.590625, 30.0965625, -95.5728125, -79.495, 21.983125000000005]}, "16": {"Right_hand": [200, 200, 100, 100, 229, 100, 100, 100, 100], "Left_hand": [200, 200, 100, 100, 200, 100, 100, 100, 100], "Robot": [-3.155925925925926, 29.9162962962963, -96.05592592592593, -80.40148148148148, 24.490370370370375]}, "1": {"Right_hand": [200, 200, 100, 100, 229, 100, 100, 100, 100], "Left_hand": [200, 200, 100, 100, 200, 100, 100, 100, 100], "Robot": [-0.05136863425926039, 28.628861400462963, -99.50625144675926, -86.87543981481481, 42.3967505787037]}, "0": {"Right_hand": [200, 200, 100, 100, 229, 100, 100, 100, 100], "Left_hand": [200, 200, 100, 100, 200, 100, 100, 100, 100], "Robot": [-0.030000000000001137, 28.62, -99.53, -86.92, 42.519999999999996]}, "3": {"Right_hand": [200, 200, 100, 100, 229, 100, 100, 100, 100], "Left_hand": [200, 200, 100, 100, 200, 100, 100, 100, 100], "Robot": [-0.2113281250000011, 28.6951953125, -99.3284765625, -86.541875, 41.474140625]}, "2": {"Right_hand": [200, 200, 100, 100, 229, 100, 100, 100, 100], "Left_hand": [200, 200, 100, 100, 200, 100, 100, 100, 100], "Robot": [-0.11303240740740852, 28.65443287037037, -99.43771990740741, -86.74685185185186, 42.04108796296296]}, "5": {"Right_hand": [200, 200, 100, 100, 229, 100, 100, 100, 100], "Left_hand": [200, 200, 100, 100, 200, 100, 100, 100, 100], "Robot": [-0.5031626157407418, 28.81621672453704, -99.00413917824075, -85.93331018518519, 39.790905671296294]}, "4": {"Right_hand": [200, 200, 100, 100, 229, 100, 100, 100, 100], "Left_hand": [200, 200, 100, 100, 200, 100, 100, 100, 100], "Robot": [-0.3425925925925936, 28.74962962962963, -99.1825925925926, -86.26814814814816, 40.71703703703703]}, "7": {"Right_hand": [200, 200, 100, 100, 229, 100, 100, 100, 100], "Left_hand": [200, 200, 100, 100, 200, 100, 100, 100, 100], "Robot": [-0.897566550925927, 28.9797728587963, -98.56580873842593, -85.11085648148148, 37.516073495370364]}, "6": {"Right_hand": [200, 200, 100, 100, 229, 100, 100, 100, 100], "Left_hand": [200, 200, 100, 100, 200, 100, 100, 100, 100], "Robot": [-0.689375000000001, 28.8934375, -98.7971875, -85.545, 38.716874999999995]}, "9": {"Right_hand": [200, 200, 100, 100, 229, 100, 100, 100, 100], "Left_hand": [200, 200, 100, 100, 200, 100, 100, 100, 100], "Robot": [-1.3652343750000009, 29.1737109375, -98.0460546875, -84.135625, 34.818671875]}, "8": {"Right_hand": [200, 200, 100, 100, 229, 100, 100, 100, 100], "Left_hand": [200, 200, 100, 100, 200, 100, 100, 100, 100], "Robot": [-1.124074074074075, 29.073703703703703, -98.31407407407407, -84.63851851851852, 36.20962962962963]}}, "freq": 50.0, "frame_number": 25, "speak": ""}