{"text": "", "actors_NAME": ["r_shoulder_x", "r_arm_z", "r_forearm_z", "r_shoulder_y", "r_elbow_y"], "emotion_time": [], "emotion_name": "", "position": {"24": {"Right_hand": [132, 282, 198, 218, 130, 168, 185, 194, 194], "Left_hand": [200, 200, 100, 100, 200, 100, 100, 100, 100], "Robot": [1.488639999999998, 33.804959999999994, 23.215439999999997, -68.64632, 16.728400000000004]}, "25": {"Right_hand": [132, 282, 198, 218, 130, 168, 185, 194, 194], "Left_hand": [200, 200, 100, 100, 200, 100, 100, 100, 100], "Robot": [1.325976562499998, 33.1916796875, 21.774960937499998, -69.7529296875, 15.956015625000004]}, "26": {"Right_hand": [132, 282, 188, 199, 150, 156, 170, 178, 178], "Left_hand": [200, 200, 100, 100, 200, 100, 100, 100, 100], "Robot": [1.1675974999999972, 32.5945525, 20.372422499999995, -70.8303925, 15.203975000000003]}, "27": {"Right_hand": [132, 282, 179, 181, 171, 145, 156, 162, 162], "Left_hand": [200, 200, 100, 100, 200, 100, 100, 100, 100], "Robot": [1.0143596874999972, 32.016809062499995, 19.015412812499996, -71.8728790625, 14.476346875000004]}, "20": {"Right_hand": [132, 282, 198, 218, 130, 168, 185, 194, 194], "Left_hand": [200, 200, 100, 100, 200, 100, 100, 100, 100], "Robot": [2.164999999999999, 36.355, 29.205, -64.045, 19.940000000000005]}, "21": {"Right_hand": [132, 282, 198, 218, 130, 168, 185, 194, 194], "Left_hand": [200, 200, 100, 100, 200, 100, 100, 100, 100], "Robot": [1.9937678124999985, 35.7094134375, 27.688639687499997, -65.2099034375, 19.126928125000006]}, "22": {"Right_hand": [132, 282, 198, 218, 130, 168, 185, 194, 194], "Left_hand": [200, 200, 100, 100, 200, 100, 100, 100, 100], "Robot": [1.823392499999998, 35.0670575, 26.179867499999993, -66.3689775, 18.317925000000002]}, "23": {"Right_hand": [132, 282, 198, 218, 130, 168, 185, 194, 194], "Left_hand": [200, 200, 100, 100, 200, 100, 100, 100, 100], "Robot": [1.6547309374999988, 34.4311628125, 24.686271562500004, -67.5163928125, 17.517059375000006]}, "28": {"Right_hand": [132, 282, 170, 163, 191, 134, 142, 147, 147], "Left_hand": [200, 200, 100, 100, 200, 100, 100, 100, 100], "Robot": [0.8671199999999972, 31.46168, 17.71152, -72.87456, 13.777200000000004]}, "29": {"Right_hand": [132, 282, 160, 145, 212, 122, 128, 131, 131], "Left_hand": [200, 200, 100, 100, 200, 100, 100, 100, 100], "Robot": [0.7267353124999967, 30.932395937499997, 16.468332187499996, -73.8296059375, 13.110603125000004]}, "40": {"Right_hand": [132, 282, 142, 109, 253, 100, 100, 100, 100], "Left_hand": [200, 200, 100, 100, 200, 100, 100, 100, 100], "Robot": [-0.12000000000000455, 27.74, 8.969999999999999, -79.59, 9.090000000000003]}, "1": {"Right_hand": [132, 282, 198, 218, 130, 168, 185, 194, 194], "Left_hand": [200, 200, 100, 100, 200, 100, 100, 100, 100], "Robot": [4.441574062500003, 44.9382321875, 49.3653834375, -48.5573221875, 30.749990625000006]}, "0": {"Right_hand": [132, 282, 198, 218, 130, 168, 185, 194, 194], "Left_hand": [200, 200, 100, 100, 200, 100, 100, 100, 100], "Robot": [4.450000000000003, 44.97, 49.44, -48.5, 30.790000000000006]}, "3": {"Right_hand": [132, 282, 198, 218, 130, 168, 185, 194, 194], "Left_hand": [200, 200, 100, 100, 200, 100, 100, 100, 100], "Robot": [4.3767371875000025, 44.6937815625, 48.7912153125, -48.9984115625, 30.442121875000005]}, "2": {"Right_hand": [132, 282, 198, 218, 130, 168, 185, 194, 194], "Left_hand": [200, 200, 100, 100, 200, 100, 100, 100, 100], "Robot": [4.416867500000003, 44.8450825, 49.1465925, -48.7254025, 30.632675000000006]}, "5": {"Right_hand": [132, 282, 198, 218, 130, 168, 185, 194, 194], "Left_hand": [200, 200, 100, 100, 200, 100, 100, 100, 100], "Robot": [4.253632812500003, 44.229648437499996, 47.7010546875, -49.8358984375, 29.857578125000007]}, "4": {"Right_hand": [132, 282, 198, 218, 130, 168, 185, 194, 194], "Left_hand": [200, 200, 100, 100, 200, 100, 100, 100, 100], "Robot": [4.322040000000003, 44.48756, 48.306839999999994, -49.37052, 30.182400000000005]}, "7": {"Right_hand": [132, 282, 198, 218, 130, 168, 185, 194, 194], "Left_hand": [200, 200, 100, 100, 200, 100, 100, 100, 100], "Robot": [4.079115937500002, 43.5716778125, 46.1556065625, -51.0231478125, 29.028909375000005]}, "6": {"Right_hand": [132, 282, 198, 218, 130, 168, 185, 194, 194], "Left_hand": [200, 200, 100, 100, 200, 100, 100, 100, 100], "Robot": [4.1723725000000025, 43.9232775, 46.9814475, -50.3887175, 29.471725000000006]}, "9": {"Right_hand": [132, 282, 198, 218, 130, 168, 185, 194, 194], "Left_hand": [200, 200, 100, 100, 200, 100, 100, 100, 100], "Robot": [3.860041562500002, 42.7457146875, 44.2155759375, -52.5135246875, 27.988665625000007]}, "8": {"Right_hand": [132, 282, 198, 218, 130, 168, 185, 194, 194], "Left_hand": [200, 200, 100, 100, 200, 100, 100, 100, 100], "Robot": [3.974720000000002, 43.17808, 45.23112, -51.733360000000005, 28.533200000000004]}, "13": {"Right_hand": [132, 282, 198, 218, 130, 168, 185, 194, 194], "Left_hand": [200, 200, 100, 100, 200, 100, 100, 100, 100], "Robot": [3.315640312500001, 40.6931909375, 39.394587187499994, -56.2171209375, 25.403653125000005]}, "12": {"Right_hand": [132, 282, 198, 218, 130, 168, 185, 194, 194], "Left_hand": [200, 200, 100, 100, 200, 100, 100, 100, 100], "Robot": [3.462880000000001, 41.24832, 40.698479999999996, -55.21544, 26.102800000000006]}, "11": {"Right_hand": [132, 282, 198, 218, 130, 168, 185, 194, 194], "Left_hand": [200, 200, 100, 100, 200, 100, 100, 100, 100], "Robot": [3.603264687500001, 41.7776040625, 41.9416678125, -54.2603940625, 26.769396875000005]}, "10": {"Right_hand": [132, 282, 198, 218, 130, 168, 185, 194, 194], "Left_hand": [200, 200, 100, 100, 200, 100, 100, 100, 100], "Robot": [3.7359375000000017, 42.277812499999996, 43.1165625, -53.3578125, 27.399375000000006]}, "39": {"Right_hand": [132, 282, 142, 109, 253, 100, 100, 100, 100], "Left_hand": [200, 200, 100, 100, 200, 100, 100, 100, 100], "Robot": [-0.11157406250000435, 27.7717678125, 9.044616562500003, -79.5326778125, 9.130009375000004]}, "38": {"Right_hand": [132, 282, 142, 109, 253, 100, 100, 100, 100], "Left_hand": [200, 200, 100, 100, 200, 100, 100, 100, 100], "Robot": [-0.08686750000000476, 27.864917499999997, 9.2634075, -79.3645975, 9.247325000000004]}, "15": {"Right_hand": [132, 282, 198, 218, 130, 168, 185, 194, 194], "Left_hand": [200, 200, 100, 100, 200, 100, 100, 100, 100], "Robot": [3.004023437500001, 39.518320312499995, 36.6350390625, -58.3370703125, 23.923984375000003]}, "14": {"Right_hand": [132, 282, 198, 218, 130, 168, 185, 194, 194], "Left_hand": [200, 200, 100, 100, 200, 100, 100, 100, 100], "Robot": [3.162402500000001, 40.1154475, 38.0375775, -57.2596075, 24.676025000000006]}, "17": {"Right_hand": [132, 282, 198, 218, 130, 168, 185, 194, 194], "Left_hand": [200, 200, 100, 100, 200, 100, 100, 100, 100], "Robot": [2.6752690625, 38.2788371875, 33.7237284375, -60.5736071875, 22.362940625000007]}, "16": {"Right_hand": [132, 282, 198, 218, 130, 168, 185, 194, 194], "Left_hand": [200, 200, 100, 100, 200, 100, 100, 100, 100], "Robot": [2.84136, 38.90504, 35.194559999999996, -59.44368, 23.151600000000002]}, "19": {"Right_hand": [132, 282, 198, 218, 130, 168, 185, 194, 194], "Left_hand": [200, 200, 100, 100, 200, 100, 100, 100, 100], "Robot": [2.3362321875, 37.0005865625, 30.7213603125, -62.8800965625, 20.753071875000003]}, "18": {"Right_hand": [132, 282, 198, 218, 130, 168, 185, 194, 194], "Left_hand": [200, 200, 100, 100, 200, 100, 100, 100, 100], "Robot": [2.5066074999999994, 37.6429425, 32.230132499999996, -61.721022500000004, 21.562075000000004]}, "31": {"Right_hand": [132, 282, 142, 109, 253, 100, 100, 100, 100], "Left_hand": [200, 200, 100, 100, 200, 100, 100, 100, 100], "Robot": [0.4699584374999959, 29.964285312499996, 14.194424062499998, -75.57647531250001, 11.891334375000003]}, "30": {"Right_hand": [132, 282, 151, 127, 232, 111, 114, 115, 115], "Left_hand": [200, 200, 100, 100, 200, 100, 100, 100, 100], "Robot": [0.5940624999999966, 30.432187499999998, 15.293437499999996, -74.73218750000001, 12.480625000000003]},