{"text": "", "actors_NAME": ["r_shoulder_x", "r_arm_z", "r_forearm_z", "r_shoulder_y", "r_elbow_y"], "emotion_time": [], "emotion_name": "", "position": {"11": {"Right_hand": [182, 297, 151, 235, 246, 200, 280, 280, 280], "Left_hand": [200, 200, 100, 100, 200, 100, 100, 100, 100], "Robot": [3.271953352769678, 41.1231195335277, 22.93239067055394, -41.51874635568513, 29.88217201166181]}, "10": {"Right_hand": [182, 297, 151, 235, 246, 200, 280, 280, 280], "Left_hand": [200, 200, 100, 100, 200, 100, 100, 100, 100], "Robot": [3.307230320699707, 41.376472303206995, 23.049446064139946, -40.954314868804666, 31.05833819241983]}, "13": {"Right_hand": [182, 297, 151, 235, 246, 200, 280, 280, 280], "Left_hand": [200, 200, 100, 100, 200, 100, 100, 100, 100], "Robot": [3.226413994169095, 40.79606413994169, 22.781282798833825, -42.24737609329446, 28.363848396501464]}, "12": {"Right_hand": [182, 297, 151, 235, 246, 200, 280, 280, 280], "Left_hand": [200, 200, 100, 100, 200, 100, 100, 100, 100], "Robot": [3.244373177842564, 40.92504373177842, 22.840874635568518, -41.96002915451895, 28.962623906705545]}, "14": {"Right_hand": [182, 297, 151, 235, 246, 200, 280, 280, 280], "Left_hand": [200, 200, 100, 100, 200, 100, 100, 100, 100], "Robot": [3.219999999999999, 40.75, 22.760000000000005, -42.35, 28.150000000000006]}, "1": {"Right_hand": [182, 297, 151, 235, 246, 200, 280, 280, 280], "Left_hand": [200, 200, 100, 100, 200, 100, 100, 100, 100], "Robot": [3.6535860058309004, 43.863935860058305, 24.19871720116618, -35.41262390670554, 42.60615160349854]}, "0": {"Right_hand": [182, 297, 151, 235, 246, 200, 280, 280, 280], "Left_hand": [200, 200, 100, 100, 200, 100, 100, 100, 100], "Robot": [3.6599999999999966, 43.91, 24.22, -35.31, 42.81999999999999]}, "3": {"Right_hand": [182, 297, 151, 235, 246, 200, 280, 280, 280], "Left_hand": [200, 200, 100, 100, 200, 100, 100, 100, 100], "Robot": [3.6080466472303176, 43.5368804664723, 24.047609329446065, -36.14125364431487, 41.087827988338184]}, "2": {"Right_hand": [182, 297, 151, 235, 246, 200, 280, 280, 280], "Left_hand": [200, 200, 100, 100, 200, 100, 100, 100, 100], "Robot": [3.6356268221574313, 43.73495626822157, 24.139125364431486, -35.699970845481054, 42.007376093294454]}, "5": {"Right_hand": [182, 297, 151, 235, 246, 200, 280, 280, 280], "Left_hand": [200, 200, 100, 100, 200, 100, 100, 100, 100], "Robot": [3.531720116618073, 42.98871720116618, 23.794344023323617, -37.36247813411079, 38.54303206997084]}, "4": {"Right_hand": [182, 297, 151, 235, 246, 200, 280, 280, 280], "Left_hand": [200, 200, 100, 100, 200, 100, 100, 100, 100], "Robot": [3.5727696793002885, 43.283527696793, 23.930553935860058, -36.70568513119534, 39.911661807580174]}, "7": {"Right_hand": [182, 297, 151, 235, 246, 200, 280, 280, 280], "Left_hand": [200, 200, 100, 100, 200, 100, 100, 100, 100], "Robot": [3.4399999999999977, 42.33, 23.490000000000002, -38.83, 35.485]}, "6": {"Right_hand": [182, 297, 151, 235, 246, 200, 280, 280, 280], "Left_hand": [200, 200, 100, 100, 200, 100, 100, 100, 100], "Robot": [3.4868221574344, 42.66626822157434, 23.645364431486882, -38.080845481049565, 37.04609329446064]}, "9": {"Right_hand": [182, 297, 151, 235, 246, 200, 280, 280, 280], "Left_hand": [200, 200, 100, 100, 200, 100, 100, 100, 100], "Robot": [3.3482798833819225, 41.671282798833815, 23.185655976676387, -40.297521865889216, 32.42696793002916]}, "8": {"Right_hand": [182, 297, 151, 235, 246, 200, 280, 280, 280], "Left_hand": [200, 200, 100, 100, 200, 100, 100, 100, 100], "Robot": [3.3931778425655956, 41.993731778425655, 23.33463556851312, -39.57915451895044, 33.92390670553936]}}, "freq": 30.0, "frame_number": 15, "speak": ""}