{"text": "", "actors_NAME": ["r_shoulder_x", "r_arm_z", "r_forearm_z", "r_shoulder_y", "r_elbow_y"], "emotion_time": [], "emotion_name": "", "position": {"28": {"Right_hand": [144, 200, 100, 100, 200, 100, 100, 100, 100], "Left_hand": [200, 200, 100, 100, 200, 100, 100, 100, 100], "Robot": [3.235184072126219, 8.071893313298272, 4.280000000000001, -31.31728775356875, 33.85711495116453]}, "29": {"Right_hand": [144, 200, 100, 100, 200, 100, 100, 100, 100], "Left_hand": [200, 200, 100, 100, 200, 100, 100, 100, 100], "Robot": [3.224295877160028, 7.959900450788881, 4.280000000000001, -29.93977554470323, 32.963038598797894]}, "24": {"Right_hand": [144, 200, 100, 100, 200, 100, 100, 100, 100], "Left_hand": [200, 200, 100, 100, 200, 100, 100, 100, 100], "Robot": [3.2812021036814416, 8.545221637866266, 4.280000000000001, -37.139226145755075, 37.63585274229902]}, "25": {"Right_hand": [144, 200, 100, 100, 200, 100, 100, 100, 100], "Left_hand": [200, 200, 100, 100, 200, 100, 100, 100, 100], "Robot": [3.2694264181066854, 8.42410030052592, 4.280000000000001, -35.64943369646882, 36.668900732531924]}, "26": {"Right_hand": [144, 200, 100, 100, 200, 100, 100, 100, 100], "Left_hand": [200, 200, 100, 100, 200, 100, 100, 100, 100], "Robot": [3.257798647633357, 8.304500375657401, 4.280000000000001, -34.17835462058602, 35.7140946656649]}, "27": {"Right_hand": [144, 200, 100, 100, 200, 100, 100, 100, 100], "Left_hand": [200, 200, 100, 100, 200, 100, 100, 100, 100], "Robot": [3.246368097295265, 8.186929000751315, 4.280000000000001, -32.732226709241175, 34.775483189331325]}, "20": {"Right_hand": [144, 200, 100, 100, 200, 100, 100, 100, 100], "Left_hand": [200, 200, 100, 100, 200, 100, 100, 100, 100], "Robot": [3.328797896318558, 9.034778362133734, 4.280000000000001, -43.16077385424494, 41.54414725770097]}, "21": {"Right_hand": [144, 200, 100, 100, 200, 100, 100, 100, 100], "Left_hand": [200, 200, 100, 100, 200, 100, 100, 100, 100], "Robot": [3.3169236006761835, 8.912642749812171, 4.280000000000001, -41.658505822689705, 40.569097952667164]}, "22": {"Right_hand": [144, 200, 100, 100, 200, 100, 100, 100, 100], "Left_hand": [200, 200, 100, 100, 200, 100, 100, 100, 100], "Robot": [3.3049999999999997, 8.79, 4.280000000000001, -40.150000000000006, 39.589999999999996]}, "23": {"Right_hand": [144, 200, 100, 100, 200, 100, 100, 100, 100], "Left_hand": [200, 200, 100, 100, 200, 100, 100, 100, 100], "Robot": [3.293076399323816, 8.667357250187829, 4.280000000000001, -38.64149417731029, 38.61090204733283]}, "44": {"Right_hand": [144, 200, 100, 100, 200, 100, 100, 100, 100], "Left_hand": [200, 200, 100, 100, 200, 100, 100, 100, 100], "Robot": [3.1299999999999955, 6.99, 4.280000000000001, -18.010000000000005, 25.22]}, "42": {"Right_hand": [144, 200, 100, 100, 200, 100, 100, 100, 100], "Left_hand": [200, 200, 100, 100, 200, 100, 100, 100, 100], "Robot": [3.13210368144252, 7.011637866265966, 4.280000000000001, -18.276145755071376, 25.392742299023286]}, "43": {"Right_hand": [144, 200, 100, 100, 200, 100, 100, 100, 100], "Left_hand": [200, 200, 100, 100, 200, 100, 100, 100, 100], "Robot": [3.1305341378662614, 6.995493989481593, 4.280000000000001, -18.077576070623593, 25.26386034936138]}, "40": {"Right_hand": [144, 200, 100, 100, 200, 100, 100, 100, 100], "Left_hand": [200, 200, 100, 100, 200, 100, 100, 100, 100], "Robot": [3.138151765589778, 7.073846731780616, 4.280000000000001, -19.04131480090158, 25.88937640871525]}, "41": {"Right_hand": [144, 200, 100, 100, 200, 100, 100, 100, 100], "Left_hand": [200, 200, 100, 100, 200, 100, 100, 100, 100], "Robot": [3.1346593256949618, 7.03792449286251, 4.280000000000001, -18.599471262208873, 25.602597201352367]}, "1": {"Right_hand": [144, 200, 100, 100, 200, 100, 100, 100, 100], "Left_hand": [200, 200, 100, 100, 200, 100, 100, 100, 100], "Robot": [3.479465862133738, 10.584506010518407, 4.280000000000001, -62.222423929376404, 53.91613965063861]}, "0": {"Right_hand": [144, 200, 100, 100, 200, 100, 100, 100, 100], "Left_hand": [200, 200, 100, 100, 200, 100, 100, 100, 100], "Robot": [3.480000000000004, 10.59, 4.280000000000001, -62.29, 53.959999999999994]}, "3": {"Right_hand": [144, 200, 100, 100, 200, 100, 100, 100, 100], "Left_hand": [200, 200, 100, 100, 200, 100, 100, 100, 100], "Robot": [3.4753406743050377, 10.54207550713749, 4.280000000000001, -61.70052873779113, 53.577402798647626]}, "2": {"Right_hand": [144, 200, 100, 100, 200, 100, 100, 100, 100], "Left_hand": [200, 200, 100, 100, 200, 100, 100, 100, 100], "Robot": [3.4778963185574794, 10.568362133734034, 4.280000000000001, -62.02385424492862, 53.7872577009767]}, "5": {"Right_hand": [144, 200, 100, 100, 200, 100, 100, 100, 100], "Left_hand": [200, 200, 100, 100, 200, 100, 100, 100, 100], "Robot": [3.467468303906841, 10.461102554470322, 4.280000000000001, -60.70456141998497, 52.93096872652141]}, "4": {"Right_hand": [144, 200, 100, 100, 200, 100, 100, 100, 100], "Left_hand": [200, 200, 100, 100, 200, 100, 100, 100, 100], "Robot": [3.4718482344102215, 10.506153268219384, 4.280000000000001, -61.25868519909842, 53.29062359128474]}, "7": {"Right_hand": [144, 200, 100, 100, 200, 100, 100, 100, 100], "Left_hand": [200, 200, 100, 100, 200, 100, 100, 100, 100], "Robot": [3.4562431912096203, 10.345644252441772, 4.280000000000001, -59.28442430503381, 52.00922661532682]}, "6": {"Right_hand": [144, 200, 100, 100, 200, 100, 100, 100, 100], "Left_hand": [200, 200, 100, 100, 200, 100, 100, 100, 100], "Robot": [3.4622501878287038, 10.407430503380917, 4.280000000000001, -60.044395191585274, 52.50248685199098]}, "9": {"Right_hand": [144, 200, 100, 100, 200, 100, 100, 100, 100], "Left_hand": [200, 200, 100, 100, 200, 100, 100, 100, 100], "Robot": [3.4420597764838496, 10.19975770097671, 4.280000000000001, -57.49001972201352, 50.844565646130725]}, "8": {"Right_hand": [144, 200, 100, 100, 200, 100, 100, 100, 100], "Left_hand": [200, 200, 100, 100, 200, 100, 100, 100, 100], "Robot": [3.449496619083399, 10.276250939143502, 4.280000000000001, -58.430886551465065, 51.45523666416228]}, "13": {"Right_hand": [144, 200, 100, 100, 200, 100, 100, 100, 100], "Left_hand": [200, 200, 100, 100, 200, 100, 100, 100, 100], "Robot": [3.4063958020285523, 9.832928249436513, 4.280000000000001, -52.97801746806912, 47.916043858001494]}, "12": {"Right_hand": [144, 200, 100, 100, 200, 100, 100, 100, 100], "Left_hand": [200, 200, 100, 100, 200, 100, 100, 100, 100], "Robot": [3.4161006761833232, 9.9327498121713, 4.280000000000001, -54.20582268970699, 48.71295266716754]}, "11": {"Right_hand": [144, 200, 100, 100, 200, 100, 100, 100, 100], "Left_hand": [200, 200, 100, 100, 200, 100, 100, 100, 100], "Robot": [3.4253125000000026, 10.0275, 4.280000000000001, -55.37125, 49.46937499999999]}, "10": {"Right_hand": [144, 200, 100, 100, 200, 100, 100, 100, 100], "Left_hand": [200, 200, 100, 100, 200, 100, 100, 100, 100], "Robot": [3.4339819684447814, 10.116671675432006, 4.280000000000001, -56.468061607813674, 50.18126220886551]}, "39": {"Right_hand": [144, 200, 100, 100, 200, 100, 100, 100, 100], "Left_hand": [200, 200, 100, 100, 200, 100, 100, 100, 100], "Robot": [3.1425316960931586, 7.118897445529677, 4.280000000000001, -19.595438580015028, 26.249031273478582]}, "38": {"Right_hand": [144, 200, 100, 100, 200, 100, 100, 100, 100], "Left_hand": [200, 200, 100, 100, 200, 100, 100, 100, 100], "Robot": [3.1477498121712957, 7.172569496619083, 4.280000000000001, -20.25560480841473, 26.677513148009012]}, "15": {"Right_hand": [144, 200, 100, 100, 200, 100, 100, 100, 100], "Left_hand": [200, 200, 100, 100, 200, 100, 100, 100, 100], "Robot": [3.3857041228399716, 9.620099549211119, 4.280000000000001, -50.36022445529677, 46.2169614012021]}, "14": {"Right_hand": [144, 200, 100, 100, 200, 100, 100, 100, 100], "Left_hand": [200, 200, 100, 100, 200, 100, 100, 100, 100], "Robot": [3.3962471825694984, 9.728542449286252, 4.280000000000001, -51.69407212622089, 47.08269722013523]}, "17": {"Right_hand": [144, 200, 100, 100, 200, 100, 100, 100, 100],