{"text": "", "actors_NAME": ["r_shoulder_x", "r_arm_z", "r_forearm_z", "r_shoulder_y", "r_elbow_y"], "emotion_time": [], "emotion_name": "", "position": {"17": {"Right_hand": [205, 300, 179, 300, 246, 100, 280, 280, 280], "Left_hand": [200, 200, 100, 100, 200, 100, 100, 100, 100], "Robot": [2.9733985370263776, 61.810744637133226, -134.05829867674856, -32.51109805210816, 37.22769540560533]}, "15": {"Right_hand": [205, 300, 179, 300, 246, 100, 280, 280, 280], "Left_hand": [200, 200, 100, 100, 200, 100, 100, 100, 100], "Robot": [2.237703624558227, 59.26444727541711, -135.35017013232513, -31.832672803484833, 39.13301306813512]}, "14": {"Right_hand": [205, 300, 179, 300, 246, 100, 280, 280, 280], "Left_hand": [200, 200, 100, 100, 200, 100, 100, 100, 100], "Robot": [1.8319733705925838, 57.860183282649785, -136.06262759924385, -31.45852634174406, 40.18378154023178]}, "11": {"Right_hand": [205, 200, 179, 300, 246, 100, 280, 280, 280], "Left_hand": [200, 200, 100, 100, 200, 100, 100, 100, 100], "Robot": [0.5423111695569971, 53.39656201199967, -138.32725897920605, -30.26925700665735, 43.52377496506945]}, "10": {"Right_hand": [205, 166, 179, 300, 246, 100, 280, 280, 280], "Left_hand": [200, 200, 100, 100, 200, 100, 100, 100, 100], "Robot": [0.11022766499547876, 51.90108736746939, -139.08599243856332, -29.870808744965892, 44.64279362209255]}, "13": {"Right_hand": [205, 266, 179, 300, 246, 100, 280, 280, 280], "Left_hand": [200, 200, 100, 100, 200, 100, 100, 100, 100], "Robot": [1.4097723350045168, 56.39891263253061, -136.80400756143666, -31.069191255034106, 41.27720637790746]}, "12": {"Right_hand": [205, 233, 179, 300, 246, 100, 280, 280, 280], "Left_hand": [200, 200, 100, 100, 200, 100, 100, 100, 100], "Robot": [0.9776888304429994, 54.90343798800033, -137.56274102079394, -30.670742993342646, 42.39622503493055]}, "20": {"Right_hand": [205, 300, 179, 300, 246, 100, 280, 280, 280], "Left_hand": [200, 200, 100, 100, 200, 100, 100, 100, 100], "Robot": [3.7887022273362323, 64.63257417604997, -132.6266351606805, -33.26293498808251, 35.11620530944358]}, "21": {"Right_hand": [205, 300, 179, 300, 246, 100, 280, 280, 280], "Left_hand": [200, 200, 100, 100, 200, 100, 100, 100, 100], "Robot": [3.9572532259390094, 65.2159423029506, -132.33066162570887, -33.418365250267115, 34.67968850168489]}, "22": {"Right_hand": [205, 300, 179, 300, 246, 100, 280, 280, 280], "Left_hand": [200, 200, 100, 100, 200, 100, 100, 100, 100], "Robot": [4.063215254376587, 65.58268513191419, -132.1445935727788, -33.51607873756883, 34.40526588312649]}, "23": {"Right_hand": [205, 300, 179, 300, 246, 100, 280, 280, 280], "Left_hand": [200, 200, 100, 100, 200, 100, 100, 100, 100], "Robot": [4.099999999999994, 65.71, -132.07999999999998, -33.55, 34.31]}, "19": {"Right_hand": [205, 300, 179, 300, 246, 100, 280, 280, 280], "Left_hand": [200, 200, 100, 100, 200, 100, 100, 100, 100], "Robot": [3.564150571217221, 63.855383414153025, -133.02094517958412, -33.05586340100271, 35.697753760170954]}, "18": {"Right_hand": [205, 300, 179, 300, 246, 100, 280, 280, 280], "Left_hand": [200, 200, 100, 100, 200, 100, 100, 100, 100], "Robot": [3.290186570230948, 62.90717268020054, -133.50202268431, -32.80322593901537, 36.40727130763541]}, "16": {"Right_hand": [205, 300, 179, 300, 246, 100, 280, 280, 280], "Left_hand": [200, 200, 100, 100, 200, 100, 100, 100, 100], "Robot": [2.6203747842524816, 60.588901947891834, -134.67820415879015, -32.18555519026876, 38.1419635078491]}, "1": {"Right_hand": [205, 100, 179, 300, 246, 100, 280, 280, 280], "Left_hand": [200, 200, 100, 100, 200, 100, 100, 100, 100], "Robot": [-2.543215254376591, 42.71731486808581, -143.74540642722118, -27.42392126243117, 51.51473411687351]}, "0": {"Right_hand": [205, 100, 179, 300, 246, 100, 280, 280, 280], "Left_hand": [200, 200, 100, 100, 200, 100, 100, 100, 100], "Robot": [-2.5799999999999983, 42.59, -143.81, -27.39, 51.61]}, "3": {"Right_hand": [205, 100, 179, 300, 246, 100, 280, 280, 280], "Left_hand": [200, 200, 100, 100, 200, 100, 100, 100, 100], "Robot": [-2.268702227336236, 43.66742582395003, -143.26336483931948, -27.67706501191748, 50.80379469055642]}, "2": {"Right_hand": [205, 100, 179, 300, 246, 100, 280, 280, 280], "Left_hand": [200, 200, 100, 100, 200, 100, 100, 100, 100], "Robot": [-2.437253225939014, 43.084057697049396, -143.55933837429112, -27.521634749732886, 51.240311498315116]}, "5": {"Right_hand": [205, 100, 179, 300, 246, 100, 280, 280, 280], "Left_hand": [200, 200, 100, 100, 200, 100, 100, 100, 100], "Robot": [-1.7701865702309518, 45.39282731979946, -142.38797731569, -28.13677406098463, 49.51272869236459]}, "4": {"Right_hand": [205, 100, 179, 300, 246, 100, 280, 280, 280], "Left_hand": [200, 200, 100, 100, 200, 100, 100, 100, 100], "Robot": [-2.0441505712172257, 44.444616585846966, -142.86905482041587, -27.884136598997287, 50.22224623982905]}, "7": {"Right_hand": [205, 100, 179, 300, 246, 100, 280, 280, 280], "Left_hand": [200, 200, 100, 100, 200, 100, 100, 100, 100], "Robot": [-1.100374784252486, 47.71109805210816, -141.21179584120983, -28.75444480973124, 47.778036492150896]}, "6": {"Right_hand": [205, 100, 179, 300, 246, 100, 280, 280, 280], "Left_hand": [200, 200, 100, 100, 200, 100, 100, 100, 100], "Robot": [-1.4533985370263824, 46.48925536286677, -141.83170132325142, -28.428901947891838, 48.69230459439468]}, "9": {"Right_hand": [205, 133, 179, 300, 246, 100, 280, 280, 280], "Left_hand": [200, 200, 100, 100, 200, 100, 100, 100, 100], "Robot": [-0.3119733705925869, 50.43981671735021, -139.82737240075613, -29.481473658255936, 45.736218459768224]}, "8": {"Right_hand": [205, 100, 179, 300, 246, 100, 280, 280, 280], "Left_hand": [200, 200, 100, 100, 200, 100, 100, 100, 100], "Robot": [-0.7177036245582318, 49.035552724582885, -140.53982986767485, -29.107327196515165, 46.78698693186488]}}, "freq": 48.0, "frame_number": 24, "speak": ""}