{"text": "", "actors_NAME": ["r_shoulder_x", "r_arm_z", "r_forearm_z", "r_shoulder_y", "r_elbow_y"], "emotion_time": [], "emotion_name": "", "position": {"15": {"Right_hand": [150, 209, 100, 182, 246, 288, 288, 288, 285], "Left_hand": [200, 200, 100, 100, 200, 100, 100, 100, 100], "Robot": [1.6015451895043713, 19.64615160349854, -76.71661807580175, -3.173236151603497, 26.6495335276968]}, "14": {"Right_hand": [150, 209, 100, 182, 246, 288, 288, 288, 285], "Left_hand": [200, 200, 100, 100, 200, 100, 100, 100, 100], "Robot": [1.6174074074074059, 19.78037037037037, -76.55555555555556, -2.8511111111111096, 27.991111111111117]}, "11": {"Right_hand": [150, 209, 100, 182, 246, 288, 288, 288, 285], "Left_hand": [200, 200, 100, 100, 200, 100, 100, 100, 100], "Robot": [1.6707213043947733, 20.231487960263472, -76.01421444768383, -1.7684288953676695, 32.5002364755426]}, "10": {"Right_hand": [150, 209, 100, 182, 246, 288, 288, 288, 285], "Left_hand": [200, 200, 100, 100, 200, 100, 100, 100, 100], "Robot": [1.6892786956052261, 20.38851203973653, -75.82578555231616, -1.3915711046323267, 34.06976352445741]}, "13": {"Right_hand": [150, 209, 100, 182, 246, 288, 288, 288, 285], "Left_hand": [200, 200, 100, 100, 200, 100, 100, 100, 100], "Robot": [1.6344487636324359, 19.924566461505236, -76.3825202461937, -2.5050404923874297, 29.4324165856819]}, "12": {"Right_hand": [150, 209, 100, 182, 246, 288, 288, 288, 285], "Left_hand": [200, 200, 100, 100, 200, 100, 100, 100, 100], "Robot": [1.6523323615160341, 20.075889212827988, -76.20093294460641, -2.141865889212826, 30.94495626822158]}, "20": {"Right_hand": [150, 209, 100, 182, 246, 288, 288, 288, 285], "Left_hand": [200, 200, 100, 100, 200, 100, 100, 100, 100], "Robot": [1.5517125580390858, 19.224490875715368, -77.22261094914155, -4.185221898283122, 22.43484288953677]}, "21": {"Right_hand": [150, 209, 100, 182, 246, 288, 288, 288, 285], "Left_hand": [200, 200, 100, 100, 200, 100, 100, 100, 100], "Robot": [1.5499999999999972, 19.21, -77.24, -4.219999999999999, 22.290000000000006]}, "17": {"Right_hand": [150, 209, 100, 182, 246, 288, 288, 288, 285], "Left_hand": [200, 200, 100, 100, 200, 100, 100, 100, 100], "Robot": [1.574705755317998, 19.41904869884462, -76.98914156138646, -3.7182831227729176, 24.379536767087796]}, "16": {"Right_hand": [150, 209, 100, 182, 246, 288, 288, 288, 285], "Left_hand": [200, 200, 100, 100, 200, 100, 100, 100, 100], "Robot": [1.5871990065867596, 19.524760824964908, -76.86228701004211, -3.464574020084222, 25.436177518626508]}, "19": {"Right_hand": [150, 209, 100, 182, 246, 288, 288, 288, 285], "Left_hand": [200, 200, 100, 100, 200, 100, 100, 100, 100], "Robot": [1.5566256343807336, 19.266063060144695, -77.17272432782636, -4.085448655652737, 22.850375769355367]}, "18": {"Right_hand": [150, 209, 100, 182, 246, 288, 288, 288, 285], "Left_hand": [200, 200, 100, 100, 200, 100, 100, 100, 100], "Robot": [1.5644023323615135, 19.33186588921283, -77.0937609329446, -3.9275218658892115, 23.508104956268227]}, "1": {"Right_hand": [150, 209, 100, 182, 246, 288, 288, 288, 285], "Left_hand": [200, 200, 100, 100, 200, 100, 100, 100, 100], "Robot": [1.8082874419609136, 21.395509124284633, -74.61738905085843, 1.025221898283125, 44.13515711046323]}, "0": {"Right_hand": [150, 209, 100, 182, 246, 288, 288, 288, 285], "Left_hand": [200, 200, 100, 100, 200, 100, 100, 100, 100], "Robot": [1.8100000000000023, 21.41, -74.6, 1.0600000000000023, 44.28]}, "3": {"Right_hand": [150, 209, 100, 182, 246, 288, 288, 288, 285], "Left_hand": [200, 200, 100, 100, 200, 100, 100, 100, 100], "Robot": [1.795597667638486, 21.288134110787173, -74.74623906705538, 0.7675218658892151, 43.06189504373178]}, "2": {"Right_hand": [150, 209, 100, 182, 246, 288, 288, 288, 285], "Left_hand": [200, 200, 100, 100, 200, 100, 100, 100, 100], "Robot": [1.8033743656192658, 21.353936939855306, -74.66727567217363, 0.9254486556527396, 43.71962423064464]}, "5": {"Right_hand": [150, 209, 100, 182, 246, 288, 288, 288, 285], "Left_hand": [200, 200, 100, 100, 200, 100, 100, 100, 100], "Robot": [1.7728009934132398, 21.095239175035093, -74.97771298995788, 0.3045740200842263, 41.13382248137351]}, "4": {"Right_hand": [150, 209, 100, 182, 246, 288, 288, 288, 285], "Left_hand": [200, 200, 100, 100, 200, 100, 100, 100, 100], "Robot": [1.7852942446820015, 21.20095130115538, -74.85085843861353, 0.5582831227729209, 42.190463232912215]}, "7": {"Right_hand": [150, 209, 100, 182, 246, 288, 288, 288, 285], "Left_hand": [200, 200, 100, 100, 200, 100, 100, 100, 100], "Robot": [1.7425925925925936, 20.83962962962963, -75.28444444444443, -0.30888888888888677, 38.57888888888889]}, "6": {"Right_hand": [150, 209, 100, 182, 246, 288, 288, 288, 285], "Left_hand": [200, 200, 100, 100, 200, 100, 100, 100, 100], "Robot": [1.7584548104956281, 20.97384839650146, -75.12338192419824, 0.013236151603500668, 39.92046647230321]}, "9": {"Right_hand": [150, 209, 100, 182, 246, 288, 288, 288, 285], "Left_hand": [200, 200, 100, 100, 200, 100, 100, 100, 100], "Robot": [1.7076676384839653, 20.544110787172013, -75.63906705539358, -1.01813411078717, 35.62504373177843]}, "8": {"Right_hand": [150, 209, 100, 182, 246, 288, 288, 288, 285], "Left_hand": [200, 200, 100, 100, 200, 100, 100, 100, 100], "Robot": [1.7255512363675636, 20.695433538494765, -75.45747975380628, -0.6549595076125667, 37.137583414318115]}}, "freq": 44.0, "frame_number": 22, "speak": ""}