{"text": "", "actors_NAME": ["l_shoulder_x", "l_arm_z", "l_forearm_z", "l_shoulder_y", "l_elbow_y"], "emotion_time": "3", "emotion_name": "normal", "position": {"11": {"Right_hand": [200, 200, 100, 100, 200, 100, 100, 100, 100], "Left_hand": [194, 215, 249, 300, 200, 100, 100, 100, 100], "Robot": [15.822257777777777, -51.57025333333333, -128.35742222222223, -107.6009688888889, 26.866829629629628]}, "30": {"Right_hand": [200, 200, 100, 100, 200, 100, 100, 100, 100], "Left_hand": [194, 215, 249, 300, 200, 100, 100, 100, 100], "Robot": [16.739999999999995, -62.02, -119.18, -103.93, 5.869999999999997]}, "10": {"Right_hand": [200, 200, 100, 100, 200, 100, 100, 100, 100], "Left_hand": [194, 215, 249, 300, 200, 100, 100, 100, 100], "Robot": [15.762222222222222, -50.88666666666667, -128.95777777777778, -107.84111111111112, 28.240370370370364]}, "13": {"Right_hand": [200, 200, 100, 100, 200, 100, 100, 100, 100], "Left_hand": [194, 215, 249, 300, 200, 100, 100, 100, 100], "Robot": [15.94878222222222, -53.01090666666667, -127.09217777777778, -107.09487111111112, 23.9721037037037]}, "12": {"Right_hand": [200, 200, 100, 100, 200, 100, 100, 100, 100], "Left_hand": [194, 215, 249, 300, 200, 100, 100, 100, 100], "Robot": [15.88464, -52.28056, -127.7336, -107.35144000000001, 25.43959999999999]}, "17": {"Right_hand": [200, 200, 100, 100, 200, 100, 100, 100, 100], "Left_hand": [194, 215, 249, 300, 200, 100, 100, 100, 100], "Robot": [16.211217777777776, -55.999093333333334, -124.46782222222222, -106.0451288888889, 17.967896296296292]}, "15": {"Right_hand": [200, 200, 100, 100, 200, 100, 100, 100, 100], "Left_hand": [194, 215, 249, 300, 200, 100, 100, 100, 100], "Robot": [16.08, -54.505, -125.78, -106.57000000000001, 20.969999999999995]}, "14": {"Right_hand": [200, 200, 100, 100, 200, 100, 100, 100, 100], "Left_hand": [194, 215, 249, 300, 200, 100, 100, 100, 100], "Robot": [16.014097777777778, -53.75461333333334, -126.43902222222222, -106.83360888888889, 22.477762962962956]}, "24": {"Right_hand": [200, 200, 100, 100, 200, 100, 100, 100, 100], "Left_hand": [194, 215, 249, 300, 200, 100, 100, 100, 100], "Robot": [16.602719999999994, -60.456880000000005, -120.5528, -104.47912000000001, 9.010799999999993]}, "25": {"Right_hand": [200, 200, 100, 100, 200, 100, 100, 100, 100], "Left_hand": [194, 215, 249, 300, 200, 100, 100, 100, 100], "Robot": [16.642222222222216, -60.90666666666667, -120.15777777777778, -104.32111111111112, 8.107037037037031]}, "26": {"Right_hand": [200, 200, 100, 100, 200, 100, 100, 100, 100], "Left_hand": [194, 215, 249, 300, 200, 100, 100, 100, 100], "Robot": [16.67585777777777, -61.289653333333334, -119.82142222222222, -104.1865688888889, 7.33749629629629]}, "27": {"Right_hand": [200, 200, 100, 100, 200, 100, 100, 100, 100], "Left_hand": [194, 215, 249, 300, 200, 100, 100, 100, 100], "Robot": [16.703039999999994, -61.599160000000005, -119.54960000000001, -104.07784000000001, 6.7155999999999985]}, "20": {"Right_hand": [200, 200, 100, 100, 200, 100, 100, 100, 100], "Left_hand": [194, 215, 249, 300, 200, 100, 100, 100, 100], "Robot": [16.397777777777776, -58.123333333333335, -122.60222222222222, -105.2988888888889, 13.699629629629626]}, "21": {"Right_hand": [200, 200, 100, 100, 200, 100, 100, 100, 100], "Left_hand": [194, 215, 249, 300, 200, 100, 100, 100, 100], "Robot": [16.454879999999996, -58.773520000000005, -122.03120000000001, -105.07048, 12.3932]}, "22": {"Right_hand": [200, 200, 100, 100, 200, 100, 100, 100, 100], "Left_hand": [194, 215, 249, 300, 200, 100, 100, 100, 100], "Robot": [16.508462222222217, -59.38362666666667, -121.49537777777778, -104.85615111111112, 11.167303703703702]}, "23": {"Right_hand": [200, 200, 100, 100, 200, 100, 100, 100, 100], "Left_hand": [194, 215, 249, 300, 200, 100, 100, 100, 100], "Robot": [16.557937777777774, -59.94697333333333, -121.00062222222223, -104.65824888888889, 10.03536296296296]}, "19": {"Right_hand": [200, 200, 100, 100, 200, 100, 100, 100, 100], "Left_hand": [194, 215, 249, 300, 200, 100, 100, 100, 100], "Robot": [16.337742222222218, -57.43974666666667, -123.20257777777778, -105.53903111111111, 15.073170370370367]}, "18": {"Right_hand": [200, 200, 100, 100, 200, 100, 100, 100, 100], "Left_hand": [194, 215, 249, 300, 200, 100, 100, 100, 100], "Robot": [16.275359999999996, -56.729440000000004, -123.8264, -105.78856, 16.500399999999996]}, "16": {"Right_hand": [200, 200, 100, 100, 200, 100, 100, 100, 100], "Left_hand": [194, 215, 249, 300, 200, 100, 100, 100, 100], "Robot": [16.14590222222222, -55.255386666666666, -125.12097777777778, -106.30639111111113, 19.46223703703703]}, "28": {"Right_hand": [200, 200, 100, 100, 200, 100, 100, 100, 100], "Left_hand": [194, 215, 249, 300, 200, 100, 100, 100, 100], "Robot": [16.723182222222217, -61.82850666666667, -119.34817777777778, -103.99727111111112, 6.254770370370366]}, "29": {"Right_hand": [200, 200, 100, 100, 200, 100, 100, 100, 100], "Left_hand": [194, 215, 249, 300, 200, 100, 100, 100, 100], "Robot": [16.735697777777773, -61.97101333333333, -119.22302222222223, -103.9472088888889, 5.968429629629629]}, "1": {"Right_hand": [200, 200, 100, 100, 200, 100, 100, 100, 100], "Left_hand": [194, 215, 249, 300, 200, 100, 100, 100, 100], "Robot": [15.424302222222224, -47.038986666666666, -132.33697777777778, -109.19279111111112, 35.971570370370365]}, "0": {"Right_hand": [200, 200, 100, 100, 200, 100, 100, 100, 100], "Left_hand": [194, 215, 249, 300, 200, 100, 100, 100, 100], "Robot": [15.420000000000002, -46.99, -132.38, -109.21000000000001, 36.06999999999999]}, "3": {"Right_hand": [200, 200, 100, 100, 200, 100, 100, 100, 100], "Left_hand": [194, 215, 249, 300, 200, 100, 100, 100, 100], "Robot": [15.456960000000002, -47.41084, -132.0104, -109.06216, 35.224399999999996]}, "2": {"Right_hand": [200, 200, 100, 100, 200, 100, 100, 100, 100], "Left_hand": [194, 215, 249, 300, 200, 100, 100, 100, 100], "Robot": [15.43681777777778, -47.181493333333336, -132.21182222222222, -109.1427288888889, 35.685229629629625]}, "5": {"Right_hand": [200, 200, 100, 100, 200, 100, 100, 100, 100], "Left_hand": [194, 215, 249, 300, 200, 100, 100, 100, 100], "Robot": [15.517777777777779, -48.10333333333334, -131.4022222222222, -108.81888888888889, 33.83296296296296]}, "4": {"Right_hand": [200, 200, 100, 100, 200, 100, 100, 100, 100], "Left_hand": [194, 215, 249, 300, 200, 100, 100, 100, 100], "Robot": [15.484142222222223, -47.72034666666667, -131.73857777777778, -108.95343111111112, 34.6025037037037]}, "7": {"Right_hand": [200, 200, 100, 100, 200, 100, 100, 100, 100], "Left_hand": [194, 215, 249, 300, 200, 100, 100, 100, 100], "Robot": [15.602062222222223, -49.063026666666666, -130.55937777777777, -108.48175111111112, 31.90463703703703]}, "6": {"Right_hand": [200, 200, 100, 100, 200, 100, 100, 100, 100], "Left_hand": [194, 215, 249, 300, 200, 100, 100, 100, 100], "Robot": [15.55728, -48.55312, -131.00719999999998, -108.66088, 32.929199999999994]}, "9": {"Right_hand": [200, 200, 100, 100, 200, 100, 100, 100, 100], "Left_hand": [194, 215, 249, 300, 200, 100, 100, 100, 100], "Robot": [15.70512, -50.23648, -129.5288, -108.06952000000001, 29.546799999999994]}, "8": {"Right_hand": [200, 200, 100, 100, 200, 100, 100, 100, 100], "Left_hand": [194, 215, 249, 300, 200, 100, 100, 100, 100], "Robot": [15.651537777777778, -49.62637333333333, -130.06462222222223, -108.2838488888889, 30.77269629629629]}}, "freq": 31.0, "frame_number": 31, "speak": ""}