{"text": "", "actors_NAME": ["r_shoulder_x", "r_arm_z", "r_forearm_z", "r_shoulder_y", "r_elbow_y"], "emotion_time": [], "emotion_name": "", "position": {"28": {"Right_hand": [141, 241, 188, 256, 137, 191, 197, 206, 203], "Left_hand": [200, 200, 100, 100, 200, 100, 100, 100, 100], "Robot": [1.9850685322359352, 37.04880526748971, 46.65762655692729, -52.80166737997257, 21.18983824417009]}, "29": {"Right_hand": [141, 241, 188, 256, 137, 191, 197, 206, 203], "Left_hand": [200, 200, 100, 100, 200, 100, 100, 100, 100], "Robot": [2.036767517146772, 37.59303769547326, 47.23869838134431, -51.394340521262, 22.06160076817558]}, "24": {"Right_hand": [141, 241, 188, 256, 137, 191, 197, 206, 203], "Left_hand": [200, 200, 100, 100, 200, 100, 100, 100, 100], "Robot": [1.7683762962962915, 34.76769777777778, 44.22210962962963, -58.70036740740741, 17.53591407407407]}, "25": {"Right_hand": [141, 241, 188, 256, 137, 191, 197, 206, 203], "Left_hand": [200, 200, 100, 100, 200, 100, 100, 100, 100], "Robot": [1.8235939643347003, 35.348971193415636, 44.842729766803835, -57.19725651577504, 18.467009602194786]}, "26": {"Right_hand": [141, 241, 188, 256, 137, 191, 197, 206, 203], "Left_hand": [200, 200, 100, 100, 200, 100, 100, 100, 100], "Robot": [1.878261838134426, 35.924456954732506, 45.45717048010973, -55.709111879286695, 19.38883434842249]}, "27": {"Right_hand": [141, 241, 188, 256, 137, 191, 197, 206, 203], "Left_hand": [200, 200, 100, 100, 200, 100, 100, 100, 100], "Robot": [1.9321599999999954, 36.491839999999996, 46.06296, -54.24192, 20.297679999999996]}, "20": {"Right_hand": [141, 241, 177, 217, 170, 168, 172, 179, 177], "Left_hand": [200, 200, 100, 100, 200, 100, 100, 100, 100], "Robot": [1.54640603566529, 32.431028806584365, 41.72727023319616, -64.74274348422497, 13.792990397805209]}, "21": {"Right_hand": [141, 241, 181, 230, 159, 175, 180, 188, 185], "Left_hand": [200, 200, 100, 100, 200, 100, 100, 100, 100], "Robot": [1.6016237037036989, 33.012302222222225, 42.347890370370365, -63.2396325925926, 14.724085925925921]}, "22": {"Right_hand": [141, 241, 184, 243, 148, 183, 188, 197, 194], "Left_hand": [200, 200, 100, 100, 200, 100, 100, 100, 100], "Robot": [1.6571712482853174, 33.59704823045267, 42.97221816186556, -61.7275419478738, 15.660743923182435]}, "23": {"Right_hand": [141, 241, 188, 256, 137, 191, 197, 206, 203], "Left_hand": [200, 200, 100, 100, 200, 100, 100, 100, 100], "Robot": [1.7128287517146727, 34.18295176954732, 43.59778183813442, -60.21245805212621, 16.59925607681755]}, "44": {"Right_hand": [141, 241, 188, 256, 137, 191, 197, 206, 203], "Left_hand": [200, 200, 100, 100, 200, 100, 100, 100, 100], "Robot": [2.5175625788751677, 42.65434139917696, 52.642604554183805, -38.30635039780521, 30.16889953360768]}, "45": {"Right_hand": [141, 241, 188, 256, 137, 191, 197, 206, 203], "Left_hand": [200, 200, 100, 100, 200, 100, 100, 100, 100], "Robot": [2.519999999999996, 42.68, 52.66999999999999, -38.24, 30.209999999999994]}, "42": {"Right_hand": [141, 241, 188, 256, 137, 191, 197, 206, 203], "Left_hand": [200, 200, 100, 100, 200, 100, 100, 100, 100], "Robot": [2.498722962962959, 42.456017777777774, 52.430856296296284, -38.819194074074076, 29.851220740740736]}, "43": {"Right_hand": [141, 241, 188, 256, 137, 191, 197, 206, 203], "Left_hand": [200, 200, 100, 100, 200, 100, 100, 100, 100], "Robot": [2.510396927297664, 42.578908971193414, 52.562066063100126, -38.50141058984911, 30.04807034293552]}, "40": {"Right_hand": [141, 241, 188, 256, 137, 191, 197, 206, 203], "Left_hand": [200, 200, 100, 100, 200, 100, 100, 100, 100], "Robot": [2.462729766803837, 42.07711934156379, 52.026310013717406, -39.798984910836765, 29.244293552812064]}, "41": {"Right_hand": [141, 241, 188, 256, 137, 191, 197, 206, 203], "Left_hand": [200, 200, 100, 100, 200, 100, 100, 100, 100], "Robot": [2.4827606035665255, 42.28798288065843, 52.2514470233196, -39.2537143484225, 29.582059039780514]}, "1": {"Right_hand": [141, 241, 147, 100, 270, 100, 100, 100, 100], "Left_hand": [200, 200, 100, 100, 200, 100, 100, 100, 100], "Robot": [0.8524374211248229, 25.125658600823048, 33.927395445816195, -83.6336496021948, 2.0911004663923154]}, "0": {"Right_hand": [141, 241, 147, 100, 270, 100, 100, 100, 100], "Left_hand": [200, 200, 100, 100, 200, 100, 100, 100, 100], "Robot": [0.8499999999999943, 25.1, 33.900000000000006, -83.7, 2.049999999999997]}, "3": {"Right_hand": [141, 241, 147, 100, 270, 100, 100, 100, 100], "Left_hand": [200, 200, 100, 100, 200, 100, 100, 100, 100], "Robot": [0.8712770370370314, 25.323982222222224, 34.13914370370371, -83.12080592592594, 2.4087792592592563]}, "2": {"Right_hand": [141, 241, 147, 100, 270, 100, 100, 100, 100], "Left_hand": [200, 200, 100, 100, 200, 100, 100, 100, 100], "Robot": [0.8596030727023263, 25.201091028806587, 34.00793393689987, -83.4385894101509, 2.211929657064469]}, "5": {"Right_hand": [141, 241, 147, 100, 270, 100, 100, 100, 100], "Left_hand": [200, 200, 100, 100, 200, 100, 100, 100, 100], "Robot": [0.9072702331961535, 25.702880658436214, 34.54368998628259, -82.14101508916325, 3.0157064471879256]}, "4": {"Right_hand": [141, 241, 147, 100, 270, 100, 100, 100, 100], "Left_hand": [200, 200, 100, 100, 200, 100, 100, 100, 100], "Robot": [0.8872393964334648, 25.492017119341565, 34.31855297668039, -82.6862856515775, 2.677940960219476]}, "7": {"Right_hand": [141, 241, 147, 100, 270, 100, 100, 100, 100], "Left_hand": [200, 200, 100, 100, 200, 100, 100, 100, 100], "Robot": [0.9586576680384032, 26.243833415637862, 35.12126013717422, -80.74216910836763, 3.8822155281207102]}, "6": {"Right_hand": [141, 241, 147, 100, 270, 100, 100, 100, 100], "Left_hand": [200, 200, 100, 100, 200, 100, 100, 100, 100], "Robot": [0.931149629629624, 25.95425777777778, 34.81208296296297, -81.49098074074074, 3.4183674074074046]}, "9": {"Right_hand": [141, 241, 147, 100, 270, 100, 100, 100, 100], "Left_hand": [200, 200, 100, 100, 200, 100, 100, 100, 100], "Robot": [1.0236799999999946, 26.928320000000003, 35.85208, -78.97216, 4.978639999999997]}, "8": {"Right_hand": [141, 241, 147, 100, 270, 100, 100, 100, 100], "Left_hand": [200, 200, 100, 100, 200, 100, 100, 100, 100], "Robot": [0.9895744307270178, 26.56929251028807, 35.468749739369, -79.90056669410151, 4.403542496570642]}, "13": {"Right_hand": [141, 241, 153, 126, 247, 115, 116, 117, 117], "Left_hand": [200, 200, 100, 100, 200, 100, 100, 100, 100], "Robot": [1.1875919890260578, 28.65381267489712, 37.694372235939646, -74.51022046639233, 7.742569108367623]}, "12": {"Right_hand": [141, 241, 150, 113, 258, 107, 108, 108, 108], "Left_hand": [200, 200, 100, 100, 200, 100, 100, 100, 100], "Robot": [1.142930370370365, 28.183662222222225, 37.19239703703704, -75.72597925925926, 6.989472592592589]}, "11": {"Right_hand": [141, 241, 147, 100, 270, 100, 100, 100, 100], "Left_hand": [200, 200, 100, 100, 200, 100, 100, 100, 100], "Robot": [1.1005778875171413, 27.737819917695475, 36.71637541838135, -76.87887978052126, 6.2753133607681715]}, "10": {"Right_hand": [141, 241, 147, 100, 270, 100, 100, 100, 100], "Left_hand": [200, 200, 100, 100, 200, 100, 100, 100, 100], "Robot": [1.0607544581618602, 27.31860082304527, 36.268779149519894, -77.96293552812071, 5.603799725651574]}, "39": {"Right_hand": [141, 241, 188, 256, 137, 191, 197, 206, 203], "Left_hand": [200, 200, 100, 100, 200, 100, 100, 100, 100], "Robot": [2.4388503703703663, 41.825742222222225, 51.75791703703703, -40.44901925925926, 28.84163259259259]}, "38": {"Right_hand": [141, 241, 188, 256, 137, 191, 197, 206, 203], "Left_hand": [200, 200, 100, 100, 200, 100, 100, 100, 100], "Robot": [2.411342331961587, 41.536166584362135, 51.448739862825775, -41.19783089163238, 28.377784471879277]}, "15": {"Right_hand": [141, 241, 160, 152, 225, 130, 132, 135, 134], "Left_hand": [200, 200, 100, 100, 200, 100, 100, 100, 100], "Robot": [1.2829629629629578, 29.657777777777778, 38.7662962962963, -71.91407407407408, 9.350740740740736]}, "14": {"Right_hand": [141, 241, 157, 139, 236, 122, 124, 126, 125],