{"text": "", "actors_NAME": ["r_shoulder_x", "r_arm_z", "r_forearm_z", "l_shoulder_x", "l_arm_z", "l_forearm_z", "r_shoulder_y", "r_elbow_y", "l_shoulder_y", "l_elbow_y"], "emotion_time": [], "emotion_name": "", "position": {"24": {"Right_hand": [205, 229, 198, 237, 246, 100, 280, 280, 280], "Left_hand": [200, 200, 100, 100, 200, 100, 100, 100, 100], "Robot": [-2.960370370370373, 95.28555555555555, -187.51, -1.789259259259262, -52.903333333333336, -195.43, -48.69222222222222, 37.85333333333333, -17.42, -0.5900000000000034]}, "30": {"Right_hand": [205, 229, 198, 237, 246, 100, 280, 280, 280], "Left_hand": [200, 200, 100, 100, 200, 100, 100, 100, 100], "Robot": [4.010000000000005, 96.13, -187.51, -1.730000000000004, -52.97, -195.43, -45.87, 33.72, -17.42, -0.5900000000000034]}, "25": {"Right_hand": [205, 229, 198, 237, 246, 100, 280, 280, 280], "Left_hand": [200, 200, 100, 100, 200, 100, 100, 100, 100], "Robot": [-1.475939643347052, 95.46539094650205, -187.51, -1.77663923182442, -52.91753086419753, -195.43, -48.09119341563786, 36.97308641975309, -17.42, -0.5900000000000034]}, "22": {"Right_hand": [205, 229, 198, 237, 246, 100, 280, 280, 280], "Left_hand": [200, 200, 100, 100, 200, 100, 100, 100, 100], "Robot": [-5.0772976680384145, 95.02909465020575, -187.51, -1.8072565157750367, -52.88308641975309, -195.43, -49.54934156378601, 39.108641975308636, -17.42, -0.5900000000000034]}, "26": {"Right_hand": [205, 229, 198, 237, 246, 100, 280, 280, 280], "Left_hand": [200, 200, 100, 100, 200, 100, 100, 100, 100], "Robot": [0.08593964334705184, 95.65460905349794, -187.51, -1.7633607681755863, -52.93246913580247, -195.43, -47.45880658436214, 36.04691358024691, -17.42, -0.5900000000000034]}, "27": {"Right_hand": [205, 229, 198, 237, 246, 100, 280, 280, 280], "Left_hand": [200, 200, 100, 100, 200, 100, 100, 100, 100], "Robot": [1.5703703703703722, 95.83444444444444, -187.51, -1.7507407407407443, -52.946666666666665, -195.43, -46.85777777777778, 35.166666666666664, -17.42, -0.5900000000000034]}, "20": {"Right_hand": [205, 229, 198, 237, 246, 100, 280, 280, 280], "Left_hand": [200, 200, 100, 100, 200, 100, 100, 100, 100], "Robot": [-5.400000000000006, 94.99, -187.51, -1.8100000000000023, -52.88, -195.43, -49.68, 39.3, -17.42, -0.5900000000000034]}, "21": {"Right_hand": [205, 229, 198, 237, 246, 100, 280, 280, 280], "Left_hand": [200, 200, 100, 100, 200, 100, 100, 100, 100], "Robot": [-5.400000000000006, 94.99, -187.51, -1.8100000000000023, -52.88, -195.43, -49.68, 39.3, -17.42, -0.5900000000000034]}, "11": {"Right_hand": [205, 229, 198, 237, 246, 100, 280, 280, 280], "Left_hand": [200, 200, 100, 100, 200, 100, 100, 100, 100], "Robot": [4.189999999999998, 95.25, -187.8, -1.730000000000004, -52.97, -195.43, -47.62, 34.019999999999996, -17.42, -0.5900000000000034]}, "10": {"Right_hand": [205, 229, 198, 237, 246, 100, 280, 280, 280], "Left_hand": [200, 200, 100, 100, 200, 100, 100, 100, 100], "Robot": [4.189999999999998, 95.25, -187.8, -1.730000000000004, -52.97, -195.43, -47.62, 34.019999999999996, -17.42, -0.5900000000000034]}, "13": {"Right_hand": [205, 229, 198, 237, 246, 100, 280, 280, 280], "Left_hand": [200, 200, 100, 100, 200, 100, 100, 100, 100], "Robot": [2.979739368998626, 95.2171879286694, -187.76340192043898, -1.7400960219478776, -52.958641975308645, -195.43, -47.87997256515775, 34.68633744855967, -17.42, -0.5900000000000034]}, "12": {"Right_hand": [205, 229, 198, 237, 246, 100, 280, 280, 280], "Left_hand": [200, 200, 100, 100, 200, 100, 100, 100, 100], "Robot": [3.8611248285322337, 95.24108367626886, -187.7900548696845, -1.7327434842249696, -52.96691358024691, -195.43, -47.69064471879287, 34.20106995884773, -17.42, -0.5900000000000034]}, "15": {"Right_hand": [205, 229, 198, 237, 246, 100, 280, 280, 280], "Left_hand": [200, 200, 100, 100, 200, 100, 100, 100, 100], "Robot": [0.19087791495198525, 95.14157750342935, -187.67906721536352, -1.7633607681755863, -52.93246913580247, -195.43, -48.47903978052126, 36.221810699588474, -17.42, -0.5900000000000034]}, "14": {"Right_hand": [205, 229, 198, 237, 246, 100, 280, 280, 280], "Left_hand": [200, 200, 100, 100, 200, 100, 100, 100, 100], "Robot": [1.7037037037037006, 95.18259259259258, -187.72481481481483, -1.7507407407407443, -52.946666666666665, -195.43, -48.154074074074074, 35.388888888888886, -17.42, -0.5900000000000034]}, "17": {"Right_hand": [205, 229, 198, 237, 246, 100, 280, 280, 280], "Left_hand": [200, 200, 100, 100, 200, 100, 100, 100, 100], "Robot": [-2.9137037037037077, 95.05740740740741, -187.58518518518517, -1.789259259259262, -52.903333333333336, -195.43, -49.14592592592592, 37.93111111111111, -17.42, -0.5900000000000034]}, "16": {"Right_hand": [205, 229, 198, 237, 246, 100, 280, 280, 280], "Left_hand": [200, 200, 100, 100, 200, 100, 100, 100, 100], "Robot": [-1.4008779149519937, 95.09842249657063, -187.63093278463649, -1.77663923182442, -52.91753086419753, -195.43, -48.820960219478735, 37.09818930041152, -17.42, -0.5900000000000034]}, "19": {"Right_hand": [205, 229, 198, 237, 246, 100, 280, 280, 280], "Left_hand": [200, 200, 100, 100, 200, 100, 100, 100, 100], "Robot": [-5.071124828532241, 94.99891632373114, -187.5199451303155, -1.8072565157750367, -52.88308641975309, -195.43, -49.60935528120713, 39.11893004115226, -17.42, -0.5900000000000034]}, "18": {"Right_hand": [205, 229, 198, 237, 246, 100, 280, 280, 280], "Left_hand": [200, 200, 100, 100, 200, 100, 100, 100, 100], "Robot": [-4.189739368998634, 95.02281207133059, -187.54659807956102, -1.7999039780521287, -52.89135802469136, -195.43, -49.42002743484225, 38.633662551440324, -17.42, -0.5900000000000034]}, "23": {"Right_hand": [205, 229, 198, 237, 246, 100, 280, 280, 280], "Left_hand": [200, 200, 100, 100, 200, 100, 100, 100, 100], "Robot": [-4.2124554183813485, 95.1338683127572, -187.51, -1.7999039780521287, -52.89135802469136, -195.43, -49.19917695473251, 38.5958024691358, -17.42, -0.5900000000000034]}, "28": {"Right_hand": [205, 229, 198, 237, 246, 100, 280, 280, 280], "Left_hand": [200, 200, 100, 100, 200, 100, 100, 100, 100], "Robot": [2.822455418381347, 95.98613168724279, -187.51, -1.7400960219478776, -52.958641975308645, -195.43, -46.35082304526749, 34.4241975308642, -17.42, -0.5900000000000034]}, "29": {"Right_hand": [205, 229, 198, 237, 246, 100, 280, 280, 280], "Left_hand": [200, 200, 100, 100, 200, 100, 100, 100, 100], "Robot": [3.687297668038413, 96.09090534979424, -187.51, -1.7327434842249696, -52.96691358024691, -195.43, -46.00065843621399, 33.91135802469136, -17.42, -0.5900000000000034]}, "1": {"Right_hand": [205, 229, 198, 237, 246, 100, 280, 280, 280], "Left_hand": [200, 200, 100, 100, 200, 100, 100, 100, 100], "Robot": [-6.404799999999994, 95.51244, -187.8, -1.8077600000000023, -52.97, -195.43, -50.75956, 40.862880000000004, -17.42, -0.5900000000000034]}, "0": {"Right_hand": [205, 229, 198, 237, 246, 100, 280, 280, 280], "Left_hand": [200, 200, 100, 100, 200, 100, 100, 100, 100], "Robot": [-6.709999999999994, 95.52, -187.8, -1.8100000000000023, -52.97, -195.43, -50.85, 41.06, -17.42, -0.5900000000000034]}, "3": {"Right_hand": [205, 229, 198, 237, 246, 100, 280, 280, 280], "Left_hand": [200, 200, 100, 100, 200, 100, 100, 100, 100], "Robot": [-4.3555999999999955, 95.46168, -187.8, -1.7927200000000025, -52.97, -195.43, -50.15232, 39.53936, -17.42, -0.5900000000000034]}, "2": {"Right_hand": [205, 229, 198, 237, 246, 100, 280, 280, 280], "Left_hand": [200, 200, 100, 100, 200, 100, 100, 100, 100], "Robot": [-5.576399999999994, 95.49192, -187.8, -1.8016800000000024, -52.97, -195.43, -50.51408, 40.32784, -17.42, -0.5900000000000034]}, "5": {"Right_hand": [205, 229, 198, 237, 246, 100, 280, 280, 280], "Left_hand": [200, 200, 100, 100, 200, 100, 100, 100, 100], "Robot": [-1.259999999999998, 95.38499999999999, -187.8, -1.7700000000000031, -52.97, -195.43, -49.235, 37.54, -17.42, -0.5900000000000034]}, "4": {"Right_hand": [205, 229, 198, 237, 246, 100, 280, 280, 280], "Left_hand": [200, 200, 100, 100, 200, 100, 100, 100, 100],